"Date(UTC)","Pair","Side","Price","Executed","Amount","Fee"
"2024-12-31 15:42:57","ETHBTC","SELL","0.03569","0.003ETH","0.00010707BTC","0.00000003BTC"
"2024-12-31 15:42:57","ETHBTC","SELL","0.03569","0.1ETH","0.003569BTC","0.00000107BTC"
"2024-12-31 15:42:57","ETHBTC","SELL","0.03569","0.0031ETH","0.00011063BTC","0.00000003BTC"
"2024-12-31 15:42:57","ETHBTC","SELL","0.03569","0.5918ETH","0.02112134BTC","0.00000634BTC"
"2024-12-31 15:42:57","ETHBTC","SELL","0.03569","0.2237ETH","0.00798385BTC","0.0000024BTC"
"2024-12-31 15:42:57","ETHBTC","SELL","0.03569","0.5943ETH","0.02121056BTC","0.00000636BTC"
"2024-12-31 15:42:57","ETHBTC","SELL","0.03569","0.15ETH","0.0053535BTC","0.00000161BTC"
"2024-12-31 15:26:54","ETHBTC","BUY","0.03584","0.15ETH","0.005376BTC","0.000045ETH"
"2024-12-31 15:26:54","ETHBTC","BUY","0.03584","0.2062ETH","0.0073902BTC","0.00006186ETH"
"2024-12-31 15:26:54","ETHBTC","BUY","0.03584","0.0783ETH","0.00280627BTC","0.00002349ETH"
"2024-12-31 14:07:33","ETHBTC","BUY","0.03588","0.4901ETH","0.01758478BTC","0.00014703ETH"
"2024-12-31 14:04:19","ETHBTC","BUY","0.03588","0.292ETH","0.01047696BTC","0.0000876ETH"
"2024-12-31 14:03:34","ETHBTC","BUY","0.03589","0.4498ETH","0.01614332BTC","0.00013494ETH"
"2024-12-31 10:46:20","ETHBTC","SELL","0.03605","0.003ETH","0.00010815BTC","0.00000003BTC"
"2024-12-31 10:46:20","ETHBTC","SELL","0.03605","1.1324ETH","0.04082302BTC","0.00001225BTC"
"2024-12-31 10:46:20","ETHBTC","SELL","0.03605","0.1ETH","0.003605BTC","0.00000108BTC"
"2024-12-31 10:46:20","ETHBTC","SELL","0.03605","0.07ETH","0.0025235BTC","0.00000076BTC"
"2024-12-31 10:46:20","ETHBTC","SELL","0.03605","0.06ETH","0.002163BTC","0.00000065BTC"
"2024-12-31 10:46:20","ETHBTC","SELL","0.03605","0.0031ETH","0.00011175BTC","0.00000003BTC"
"2024-12-31 10:46:20","ETHBTC","SELL","0.03605","0.3139ETH","0.01131609BTC","0.00000339BTC"
"2024-12-31 10:46:20","ETHBTC","SELL","0.03605","0.1ETH","0.003605BTC","0.00000108BTC"
"2024-12-31 10:46:20","ETHBTC","SELL","0.03605","0.15ETH","0.0054075BTC","0.00000162BTC"
"2024-12-31 08:38:33","ETHBTC","BUY","0.03594","1.9329ETH","0.06946842BTC","0.00057987ETH"
"2024-12-31 04:27:26","ETHBTC","SELL","0.0361","0.21ETH","0.007581BTC","0.00000227BTC"
"2024-12-31 04:27:24","ETHBTC","SELL","0.0361","0.1144ETH","0.00412984BTC","0.00000124BTC"
"2024-12-31 04:27:24","ETHBTC","SELL","0.0361","0.2934ETH","0.01059174BTC","0.00000318BTC"
"2024-12-31 04:27:23","ETHBTC","SELL","0.0361","0.4574ETH","0.01651214BTC","0.00000495BTC"
"2024-12-31 04:27:23","ETHBTC","SELL","0.0361","0.0277ETH","0.00099997BTC","0.0000003BTC"
"2024-12-31 04:27:23","ETHBTC","SELL","0.0361","0.0277ETH","0.00099997BTC","0.0000003BTC"
"2024-12-31 04:27:23","ETHBTC","SELL","0.0361","0.3404ETH","0.01228844BTC","0.00000369BTC"
"2024-12-31 04:27:23","ETHBTC","SELL","0.0361","0.0642ETH","0.00231762BTC","0.0000007BTC"
"2024-12-31 04:27:23","ETHBTC","SELL","0.0361","0.363ETH","0.0131043BTC","0.00000393BTC"
"2024-12-31 04:27:23","ETHBTC","SELL","0.0361","0.0986ETH","0.00355946BTC","0.00000107BTC"
"2024-12-31 04:27:23","ETHBTC","SELL","0.0361","0.3628ETH","0.01309708BTC","0.00000393BTC"
"2024-12-31 04:27:23","ETHBTC","SELL","0.0361","0.0988ETH","0.00356668BTC","0.00000107BTC"
"2024-12-31 04:27:22","ETHBTC","SELL","0.0361","0.4227ETH","0.01525947BTC","0.00000458BTC"
"2024-12-31 04:27:22","ETHBTC","SELL","0.0361","0.1612ETH","0.00581932BTC","0.00000175BTC"
"2024-12-31 04:27:22","ETHBTC","SELL","0.0361","0.0578ETH","0.00208658BTC","0.00000063BTC"
"2024-12-31 04:27:22","ETHBTC","SELL","0.0361","0.0279ETH","0.00100719BTC","0.0000003BTC"
"2024-12-31 04:27:22","ETHBTC","SELL","0.0361","0.249ETH","0.0089889BTC","0.0000027BTC"
"2024-12-31 00:48:53","ETHBTC","BUY","0.03616","1.7248ETH","0.06236876BTC","0.00051744ETH"
"2024-12-31 00:21:50","ETHBTC","BUY","0.03624","0.8267ETH","0.0299596BTC","0.00024801ETH"
"2024-12-31 00:14:40","ETHBTC","BUY","0.03625","0.8266ETH","0.02996425BTC","0.00024798ETH"
"2024-12-30 23:52:05","ETHBTC","SELL","0.03624","1.6524ETH","0.05988297BTC","0.00001796BTC"
"2024-12-30 23:44:04","ETHBTC","BUY","0.03629","1.6528ETH","0.05998011BTC","0.00049584ETH"
"2024-12-30 21:50:07","ETHBTC","SELL","0.03596","0.07ETH","0.0025172BTC","0.00000076BTC"
"2024-12-30 21:50:07","ETHBTC","SELL","0.03596","0.003ETH","0.00010788BTC","0.00000003BTC"
"2024-12-30 21:50:07","ETHBTC","SELL","0.03596","0.1ETH","0.003596BTC","0.00000108BTC"
"2024-12-30 21:50:07","ETHBTC","SELL","0.03596","0.0031ETH","0.00011147BTC","0.00000003BTC"
"2024-12-30 21:50:07","ETHBTC","SELL","0.03596","1.3419ETH","0.04825472BTC","0.00001448BTC"
"2024-12-30 21:50:07","ETHBTC","SELL","0.03596","0.15ETH","0.005394BTC","0.00000162BTC"
"2024-12-30 21:49:35","ETHBTC","SELL","0.03598","1.736ETH","0.06246128BTC","0.00001874BTC"
"2024-12-30 07:45:54","ETHBTC","BUY","0.03655","0.0277ETH","0.00101243BTC","0.00000831ETH"
"2024-12-30 07:45:54","ETHBTC","BUY","0.03655","0.7438ETH","0.02718589BTC","0.00022314ETH"
"2024-12-30 07:42:42","SANDBTC","SELL","0.00000594","3448SAND","0.02048112BTC","0.00000614BTC"
"2024-12-30 07:42:42","SANDBTC","SELL","0.00000594","1012SAND","0.00601128BTC","0.0000018BTC"
"2024-12-30 07:42:42","SANDBTC","SELL","0.00000594","118SAND","0.00070092BTC","0.00000021BTC"
"2024-12-30 07:30:59","SANDBTC","SELL","0.00000594","171SAND","0.00101574BTC","0.0000003BTC"
"2024-12-30 05:24:21","ETHBTC","BUY","0.03641","0.0931ETH","0.00338977BTC","0.00002793ETH"
"2024-12-30 04:51:29","BTCJPY","BUY","14753955","0.001695BTC","25007.953725JPY","0.00000051BTC"
"2024-12-30 02:46:31","BTCJPY","BUY","14754897","0.001693BTC","24980.040621JPY","0.00000119BTC"
"2024-12-29 10:40:27","ETHBTC","BUY","0.03583","2.5415ETH","0.09106194BTC","0.00177905ETH"
"2024-12-29 03:51:50","SANDBTC","BUY","0.00000605","595SAND","0.00359975BTC","0.4165SAND"
"2024-12-29 03:51:50","SANDBTC","BUY","0.00000605","1236SAND","0.0074778BTC","0.8652SAND"
"2024-12-29 03:51:50","SANDBTC","BUY","0.00000605","832SAND","0.0050336BTC","0.5824SAND"
"2024-12-29 03:51:50","SANDBTC","BUY","0.00000605","2090SAND","0.0126445BTC","1.463SAND"
"2024-12-29 03:40:22","ETHBTC","SELL","0.03558","2.4362ETH","0.08667999BTC","0.00006068BTC"
"2024-12-29 03:40:15","ETHBTC","SELL","0.03558","0.0892ETH","0.00317373BTC","0.00000222BTC"
"2024-12-29 00:33:37","ETHBTC","BUY","0.03565","2.5272ETH","0.09009468BTC","0.00176904ETH"
"2024-12-29 00:22:32","ETHBTC","SELL","0.03567","3.37ETH","0.1202079BTC","0.00008415BTC"
"2024-12-28 23:29:34","ETHBTC","BUY","0.0357","0.6919ETH","0.02470083BTC","0.00048433ETH"
"2024-12-28 23:07:04","ETHBTC","BUY","0.03575","0.691ETH","0.02470325BTC","0.0004837ETH"
"2024-12-28 22:51:54","ETHBTC","BUY","0.03574","1.0428ETH","0.03726967BTC","0.00072996ETH"
"2024-12-28 22:51:23","ETHBTC","SELL","0.03576","0.685ETH","0.0244956BTC","0.00001715BTC"
"2024-12-28 22:26:45","ETHBTC","BUY","0.03576","0.7713ETH","0.02758168BTC","0.00053991ETH"
"2024-12-28 22:26:44","ETHBTC","BUY","0.03577","0.3168ETH","0.01133193BTC","0.00022176ETH"
"2024-12-28 22:26:44","ETHBTC","BUY","0.03577","0.544ETH","0.01945888BTC","0.0003808ETH"
"2024-12-28 22:08:37","ETHBTC","SELL","0.03579","0.6317ETH","0.02260854BTC","0.00001583BTC"
"2024-12-28 22:03:10","ETHBTC","BUY","0.03577","0.481ETH","0.01720537BTC","0.0003367ETH"
"2024-12-28 22:03:10","ETHBTC","BUY","0.03577","0.1511ETH","0.00540484BTC","0.00010577ETH"
"2024-12-28 13:24:38","ETHBTC","SELL","0.03555","0.164ETH","0.0058302BTC","0.00000408BTC"
"2024-12-28 13:24:38","ETHBTC","SELL","0.03555","0.1224ETH","0.00435132BTC","0.00000305BTC"
"2024-12-28 13:24:38","ETHBTC","SELL","0.03555","0.2874ETH","0.01021707BTC","0.00000715BTC"
"2024-12-28 11:57:24","ETHBTC","SELL","0.03545","0.0282ETH","0.00099969BTC","0.0000007BTC"
"2024-12-28 11:57:24","ETHBTC","SELL","0.03545","0.1827ETH","0.00647671BTC","0.00000453BTC"
"2024-12-28 11:57:24","ETHBTC","SELL","0.03545","0.4359ETH","0.01545265BTC","0.00001082BTC"
"2024-12-28 10:56:31","ETHBTC","BUY","0.03532","0.1103ETH","0.00389579BTC","0.00007721ETH"
"2024-12-28 10:56:31","ETHBTC","BUY","0.03532","0.0913ETH","0.00322471BTC","0.00006391ETH"
"2024-12-28 10:56:31","ETHBTC","BUY","0.03532","0.1466ETH","0.00517791BTC","0.00010262ETH"
"2024-12-28 10:56:31","ETHBTC","BUY","0.03532","0.1771ETH","0.00625517BTC","0.00012397ETH"
"2024-12-28 10:56:31","ETHBTC","BUY","0.03532","0.0489ETH","0.00172714BTC","0.00003423ETH"
"2024-12-28 10:30:39","ETHBTC","BUY","0.03534","0.6473ETH","0.02287558BTC","0.00045311ETH"
"2024-12-28 01:18:30","ETHBTC","SELL","0.03538","0.5163ETH","0.01826669BTC","0.00001279BTC"
"2024-12-27 21:54:46","ETHBTC","BUY","0.03515","0.5167ETH","0.018162BTC","0.00036169ETH"
"2024-12-27 15:34:52","BTCJPY","BUY","14888899","0.014988BTC","223154.818212JPY","0.00001049BTC"
"2024-12-27 14:05:26","BTCJPY","BUY","15195000","0.00979BTC","148759.05JPY","0.00000685BTC"
"2024-12-27 09:04:34","BTCJPY","SELL","15222222","0.024449BTC","372168.105678JPY","260.51767397JPY"
"2024-12-27 07:40:08","BTCJPY","BUY","14988114","0.005433BTC","81430.423362JPY","0.0000038BTC"
"2024-12-27 07:40:08","BTCJPY","BUY","14991224","0.003308BTC","49590.968992JPY","0.00000232BTC"
"2024-12-27 07:40:08","BTCJPY","BUY","14988114","0.001817BTC","27233.403138JPY","0.00000127BTC"
"2024-12-27 07:40:08","BTCJPY","BUY","14990360","0.001721BTC","25798.40956JPY","0.0000012BTC"
"2024-12-27 07:28:42","BTCJPY","BUY","15100000","0.001983BTC","29943.3JPY","0.00000139BTC"
"2024-12-27 07:28:42","BTCJPY","BUY","15100000","0.001355BTC","20460.5JPY","0.00000095BTC"
"2024-12-27 07:28:42","BTCJPY","BUY","15100000","0.002534BTC","38263.4JPY","0.00000177BTC"
"2024-12-27 07:28:40","BTCJPY","BUY","15100000","0.001048BTC","15824.8JPY","0.00000073BTC"
"2024-12-27 07:28:40","BTCJPY","BUY","15100000","0.001047BTC","15809.7JPY","0.00000073BTC"
"2024-12-27 07:28:39","BTCJPY","BUY","15100000","0.001683BTC","25413.3JPY","0.00000118BTC"
"2024-12-27 07:28:38","BTCJPY","BUY","15100000","0.001048BTC","15824.8JPY","0.00000073BTC"
"2024-12-27 07:28:38","BTCJPY","BUY","15100000","0.00149BTC","22499JPY","0.00000104BTC"
"2024-12-27 01:38:23","BTCJPY","SELL","15134000","0.004877BTC","73808.518JPY","51.6659626JPY"
"2024-12-27 01:38:22","BTCJPY","SELL","15134000","0.004878BTC","73823.652JPY","51.6765564JPY"
"2024-12-27 00:35:50","BTCJPY","BUY","15063000","0.00398BTC","59950.74JPY","0.00000279BTC"
"2024-12-27 00:34:59","BTCJPY","BUY","15063000","0.001287BTC","19386.081JPY","0.0000009BTC"
"2024-12-27 00:34:51","BTCJPY","BUY","15063000","0.002111BTC","31797.993JPY","0.00000148BTC"
"2024-12-27 00:21:57","BTCJPY","BUY","15063000","0.002383BTC","35895.129JPY","0.00000167BTC"
"2024-12-26 16:49:47","BTCJPY","SELL","15222222","0.003903BTC","59412.332466JPY","41.58863273JPY"
"2024-12-26 16:49:45","BTCJPY","SELL","15222222","0.012139BTC","184782.552858JPY","129.347787JPY"
"2024-12-26 16:49:37","BTCJPY","SELL","15222222","0.005588BTC","85061.776536JPY","59.54324358JPY"
"2024-12-26 16:49:37","BTCJPY","SELL","15222222","0.002498BTC","38025.110556JPY","26.61757739JPY"
"2024-12-26 14:14:38","BTCJPY","BUY","15202475","0.000715BTC","10869.769625JPY","0.0000005BTC"
"2024-12-26 14:14:38","BTCJPY","BUY","15202476","0.008846BTC","134481.102696JPY","0.00000619BTC"
"2024-12-26 14:14:38","BTCJPY","BUY","15202475","0.002493BTC","37899.770175JPY","0.00000175BTC"
"2024-12-26 14:14:26","BTCJPY","BUY","15202475","0.012091BTC","183813.125225JPY","0.00000846BTC"
"2024-12-26 14:13:51","BTCJPY","SELL","15190000","0.01186BTC","180153.4JPY","126.10738JPY"
"2024-12-26 14:11:56","BTCJPY","BUY","15185000","0.002519BTC","38251.015JPY","0.00000176BTC"
"2024-12-26 14:11:56","BTCJPY","BUY","15185000","0.00004BTC","607.4JPY","0.00000003BTC"
"2024-12-26 14:11:56","BTCJPY","BUY","15187119","0.00931BTC","141392.07789JPY","0.00000652BTC"
"2024-12-26 14:10:52","BTCJPY","SELL","15154000","0.000109BTC","1651.786JPY","1.1562502JPY"
"2024-12-26 14:10:52","BTCJPY","SELL","15154000","0.016165BTC","244964.41JPY","171.475087JPY"
"2024-12-26 14:08:05","BTCJPY","SELL","15145000","0.008022BTC","121493.19JPY","85.045233JPY"
"2024-12-26 14:07:30","BTCJPY","BUY","15140178","0.001786BTC","27040.357908JPY","0.00000125BTC"
"2024-12-26 14:07:30","BTCJPY","BUY","15144985","0.000234BTC","3543.92649JPY","0.00000016BTC"
"2024-12-26 14:07:30","BTCJPY","BUY","15140178","0.002523BTC","38198.669094JPY","0.00000177BTC"
"2024-12-26 14:07:30","BTCJPY","BUY","15140178","0.011705BTC","177215.78349JPY","0.00000819BTC"
"2024-12-26 14:07:30","BTCJPY","BUY","15144950","0.000021BTC","318.04395JPY","0.00000001BTC"
"2024-12-26 14:07:30","BTCJPY","BUY","15144951","0.000016BTC","242.319216JPY","0.00000001BTC"
"2024-12-26 14:06:28","BTCJPY","BUY","15126537","0.008028BTC","121435.839036JPY","0.00000562BTC"
"2024-12-26 05:12:24","BTCJPY","BUY","15477777","0.000757BTC","11716.677189JPY","0.00000053BTC"
"2024-12-26 05:11:58","BTCJPY","BUY","15477777","0.01153BTC","178458.76881JPY","0.00000807BTC"
"2024-12-26 05:11:37","BTCJPY","BUY","15477777","0.003713BTC","57468.986001JPY","0.0000026BTC"
"2024-12-26 04:20:07","BTCJPY","BUY","15542009","0.015785BTC","245330.612065JPY","0.00001105BTC"
"2024-12-26 01:06:28","BTCJPY","BUY","15566666","0.009753BTC","151821.693498JPY","0.00000683BTC"
"2024-12-26 01:06:21","BTCJPY","BUY","15566666","0.006247BTC","97244.962502JPY","0.00000437BTC"
"2024-12-26 00:35:13","BTCJPY","BUY","15600000","0.005907BTC","92149.2JPY","0.00000413BTC"
"2024-12-26 00:35:13","BTCJPY","BUY","15600000","0.005389BTC","84068.4JPY","0.00000377BTC"
"2024-12-26 00:35:11","BTCJPY","BUY","15600000","0.004704BTC","73382.4JPY","0.00000329BTC"
"2024-12-26 00:29:36","BTCJPY","BUY","15620000","0.016BTC","249920JPY","0.0000112BTC"
"2024-12-26 00:21:23","BTCJPY","BUY","15660000","0.015874BTC","248586.84JPY","0.00001111BTC"
"2024-12-25 18:18:31","BTCJPY","SELL","15555555","0.006255BTC","97299.996525JPY","68.10999757JPY"
"2024-12-25 14:35:12","BTCJPY","SELL","15543210","0.001765BTC","27433.76565JPY","19.20363596JPY"
"2024-12-25 14:35:11","BTCJPY","SELL","15543210","0.0015BTC","23314.815JPY","16.3203705JPY"
"2024-12-25 14:35:10","BTCJPY","SELL","15543210","0.00275BTC","42743.8275JPY","29.92067925JPY"
"2024-12-25 14:22:39","BTCJPY","SELL","15532100","0.023871BTC","370766.7591JPY","259.53673137JPY"
"2024-12-25 14:22:38","BTCJPY","SELL","15532100","0.007958BTC","123604.4518JPY","86.52311626JPY"
"2024-12-25 12:44:18","BTCJPY","SELL","15500000","0.006527BTC","101168.5JPY","70.81795JPY"
"2024-12-25 12:17:32","BTCJPY","SELL","15460000","0.002448BTC","37846.08JPY","26.492256JPY"
"2024-12-25 12:17:30","BTCJPY","SELL","15460000","0.005388BTC","83298.48JPY","58.308936JPY"
"2024-12-25 12:17:10","BTCJPY","SELL","15460000","0.001455BTC","22494.3JPY","15.74601JPY"
"2024-12-25 12:17:03","BTCJPY","SELL","15460000","0.003234BTC","49997.64JPY","34.998348JPY"
"2024-12-25 12:05:15","BTCJPY","BUY","15400000","0.000554BTC","8531.6JPY","0.00000039BTC"
"2024-12-25 12:05:15","BTCJPY","BUY","15400000","0.003877BTC","59705.8JPY","0.00000271BTC"
"2024-12-25 12:04:38","BTCJPY","BUY","15400000","0.0021BTC","32340JPY","0.00000147BTC"
"2024-12-25 12:01:15","BTCJPY","BUY","15423947","0.006019BTC","92836.736993JPY","0.00000421BTC"
"2024-12-25 11:59:26","BTCJPY","BUY","15430000","0.006235BTC","96206.05JPY","0.00000436BTC"
"2024-12-25 11:59:26","BTCJPY","BUY","15430000","0.005278BTC","81439.54JPY","0.00000369BTC"
"2024-12-25 11:59:25","BTCJPY","BUY","15430000","0.001021BTC","15754.03JPY","0.00000071BTC"
"2024-12-25 08:15:50","BTCJPY","SELL","15452000","0.004668BTC","72129.936JPY","50.4909552JPY"
"2024-12-25 08:15:36","BTCJPY","SELL","15452000","0.001593BTC","24615.036JPY","17.2305252JPY"
"2024-12-25 08:07:30","BTCJPY","BUY","15432658","0.004727BTC","72950.174366JPY","0.00000331BTC"
"2024-12-25 08:07:27","BTCJPY","BUY","15432658","0.001539BTC","23750.860662JPY","0.00000108BTC"
"2024-12-25 04:19:02","BTCJPY","BUY","15450873","0.000086BTC","1328.775078JPY","0.00000006BTC"
"2024-12-25 04:19:02","BTCJPY","BUY","15450877","0.001531BTC","23655.292687JPY","0.00000107BTC"
"2024-12-25 04:19:02","BTCJPY","BUY","15450876","0.001019BTC","15744.442644JPY","0.00000071BTC"
"2024-12-25 04:19:02","BTCJPY","BUY","15450875","0.000619BTC","9564.091625JPY","0.00000043BTC"
"2024-12-25 04:19:02","BTCJPY","BUY","15452399","0.001499BTC","23163.146101JPY","0.00000105BTC"
"2024-12-25 04:19:02","BTCJPY","BUY","15450874","0.001213BTC","18741.910162JPY","0.00000085BTC"
"2024-12-25 04:19:02","BTCJPY","BUY","15450874","0.000292BTC","4511.655208JPY","0.0000002BTC"
"2024-12-24 20:55:59","BTCJPY","BUY","15321814","0.004405BTC","67492.59067JPY","0.00000308BTC"
"2024-12-24 20:55:59","BTCJPY","BUY","15321814","0.002488BTC","38120.673232JPY","0.00000174BTC"
"2024-12-24 20:55:59","BTCJPY","BUY","15321902","0.009046BTC","138601.925492JPY","0.00000633BTC"
"2024-12-24 20:53:23","BTCJPY","BUY","15346319","0.003008BTC","46161.727552JPY","0.00000211BTC"
"2024-12-24 20:53:23","BTCJPY","BUY","15346865","0.005917BTC","90807.400205JPY","0.00000414BTC"
"2024-12-24 20:53:23","BTCJPY","BUY","15347017","0.006987BTC","107229.607779JPY","0.00000489BTC"
"2024-12-24 14:32:51","BTCJPY","SELL","15211000","0.005905BTC","89820.955JPY","62.8746685JPY"
"2024-12-24 14:32:50","BTCJPY","SELL","15210000","0.00643BTC","97800.3JPY","68.46021JPY"
"2024-12-24 14:29:29","BTCJPY","BUY","15208513","0.005909BTC","89867.103317JPY","0.00000414BTC"
"2024-12-24 14:25:37","BTCJPY","BUY","15180000","0.006435BTC","97683.3JPY","0.0000045BTC"
"2024-12-24 14:08:03","BTCJPY","SELL","15135135","0.005771BTC","87344.864085JPY","61.14140486JPY"
"2024-12-24 14:08:03","BTCJPY","SELL","15135135","0.001083BTC","16391.351205JPY","11.47394584JPY"
"2024-12-24 14:08:02","BTCJPY","SELL","15135135","0.004045BTC","61221.621075JPY","42.85513475JPY"
"2024-12-24 14:08:02","BTCJPY","SELL","15135135","0.004038BTC","61115.67513JPY","42.78097259JPY"
"2024-12-24 14:08:01","BTCJPY","SELL","15135135","0.005432BTC","82214.05332JPY","57.54983732JPY"
"2024-12-24 14:08:01","BTCJPY","SELL","15135135","0.003063BTC","46358.918505JPY","32.45124295JPY"
"2024-12-24 13:49:48","BTCJPY","SELL","15000000","0.014184BTC","212760JPY","148.932JPY"
"2024-12-24 13:49:48","BTCJPY","SELL","15000000","0.002425BTC","36375JPY","25.4625JPY"
"2024-12-24 13:38:20","BTCJPY","SELL","14950000","0.008256BTC","123427.2JPY","86.39904JPY"
"2024-12-24 13:38:20","BTCJPY","SELL","14950000","0.002453BTC","36672.35JPY","25.670645JPY"
"2024-12-24 13:38:19","BTCJPY","SELL","14950000","0.006015BTC","89924.25JPY","62.946975JPY"
"2024-12-24 13:31:07","BTCJPY","SELL","14900000","0.000751BTC","11189.9JPY","7.83293JPY"
"2024-12-24 13:31:00","BTCJPY","SELL","14900000","0.015239BTC","227061.1JPY","158.94277JPY"
"2024-12-24 13:29:08","BTCJPY","SELL","14900000","0.003355BTC","49989.5JPY","34.99265JPY"
"2024-12-24 13:28:09","BTCJPY","SELL","14900000","0.003489BTC","51986.1JPY","36.39027JPY"
"2024-12-24 13:27:52","BTCJPY","SELL","14900000","0.001719BTC","25613.1JPY","17.92917JPY"
"2024-12-24 10:04:59","BTCJPY","BUY","14777777","0.016736BTC","247320.875872JPY","0.00001172BTC"
"2024-12-23 23:05:30","BTCJPY","SELL","15000000","0.025555BTC","383325JPY","268.3275JPY"
"2024-12-23 15:10:47","BTCJPY","BUY","14700000","0.008903BTC","130874.1JPY","0.00000623BTC"
"2024-12-23 15:10:45","BTCJPY","BUY","14700000","0.007965BTC","117085.5JPY","0.00000558BTC"
"2024-12-23 14:44:15","BTCJPY","BUY","14800000","0.016732BTC","247633.6JPY","0.00001171BTC"
"2024-12-23 14:40:25","BTCJPY","BUY","14850000","0.016543BTC","245663.55JPY","0.00001158BTC"
"2024-12-23 13:44:51","BTCJPY","BUY","14900000","0.01662BTC","247638JPY","0.00001163BTC"
"2024-12-23 13:41:59","BTCJPY","SELL","14908977","0.000744BTC","11092.278888JPY","7.76459522JPY"
"2024-12-23 13:41:59","BTCJPY","SELL","14908273","0.002594BTC","38672.060162JPY","27.07044211JPY"
"2024-12-23 13:41:59","BTCJPY","SELL","14908912","0.00369BTC","55013.88528JPY","38.5097197JPY"
"2024-12-23 13:41:59","BTCJPY","SELL","14908977","0.009421BTC","140457.472317JPY","98.32023062JPY"
"2024-12-23 13:18:02","BTCJPY","BUY","15050000","0.006033BTC","90796.65JPY","0.00000422BTC"
"2024-12-23 13:18:02","BTCJPY","BUY","15050000","0.001588BTC","23899.4JPY","0.00000111BTC"
"2024-12-23 13:18:02","BTCJPY","BUY","15050000","0.00884BTC","133042JPY","0.00000619BTC"
"2024-12-23 05:16:14","BTCJPY","BUY","15000005","0.00209BTC","31350.01045JPY","0.00000146BTC"
"2024-12-23 05:16:14","BTCJPY","BUY","15000005","0.005801BTC","87015.029005JPY","0.00000406BTC"
"2024-12-23 05:16:10","BTCJPY","BUY","15000005","0.005529BTC","82935.027645JPY","0.00000387BTC"
"2024-12-23 04:41:01","BTCJPY","BUY","15055555","0.010028BTC","150977.10554JPY","0.00000702BTC"
"2024-12-23 04:03:12","BTCJPY","SELL","15033900","0.033499BTC","503620.6161JPY","352.53443127JPY"
"2024-12-23 00:54:15","BTCJPY","BUY","14777777","0.0168BTC","248266.6536JPY","0.00001176BTC"
"2024-12-23 00:23:07","BTCJPY","BUY","14777777","0.016723BTC","247128.764771JPY","0.00001171BTC"
"2024-12-23 00:01:01","BTCJPY","SELL","14918655","0.015673BTC","233820.079815JPY","163.67405587JPY"
"2024-12-23 00:01:01","BTCJPY","SELL","14918655","0.008897BTC","132731.273535JPY","92.91189147JPY"
"2024-12-23 00:00:30","BTCJPY","SELL","14918655","0.00503BTC","75040.83465JPY","52.52858426JPY"
"2024-12-23 00:00:30","BTCJPY","SELL","14918655","0.00197BTC","29389.75035JPY","20.57282525JPY"
"2024-12-23 00:00:22","BTCJPY","SELL","14918655","0.005216BTC","77815.70448JPY","54.47099314JPY"
"2024-12-22 23:59:14","BTCJPY","SELL","14918655","0.001229BTC","18335.026995JPY","12.8345189JPY"
"2024-12-22 23:58:40","BTCJPY","SELL","14918655","0.0014BTC","20886.117JPY","14.6202819JPY"
"2024-12-22 23:58:40","BTCJPY","SELL","14918655","0.0034BTC","50723.427JPY","35.5063989JPY"
"2024-12-22 23:58:19","BTCJPY","SELL","14918655","0.000016BTC","238.69848JPY","0.16708894JPY"
"2024-12-22 23:57:57","BTCJPY","SELL","14918655","0.0014BTC","20886.117JPY","14.6202819JPY"
"2024-12-22 23:57:38","BTCJPY","SELL","14918655","0.001401BTC","20901.035655JPY","14.63072496JPY"
"2024-12-22 14:51:12","BTCJPY","BUY","14991000","0.002078BTC","31151.298JPY","0.00000145BTC"
"2024-12-22 14:51:12","BTCJPY","BUY","14991000","0.004569BTC","68493.879JPY","0.0000032BTC"
"2024-12-22 14:30:23","BTCJPY","BUY","15000005","0.006062BTC","90930.03031JPY","0.00000424BTC"
"2024-12-22 14:21:00","BTCJPY","BUY","15100001","0.032955BTC","497620.532955JPY","0.00002307BTC"
"2024-12-22 08:33:00","BTCJPY","SELL","15111111","0.005774BTC","87251.554914JPY","61.07608844JPY"
"2024-12-22 08:32:50","BTCJPY","SELL","15111111","0.005465BTC","82582.221615JPY","57.80755513JPY"
"2024-12-22 08:30:22","BTCJPY","SELL","15111111","0.000011BTC","166.222221JPY","0.11635555JPY"
"2024-12-22 08:29:33","BTCJPY","SELL","15111111","0.000331BTC","5001.777741JPY","3.50124442JPY"
"2024-12-22 08:28:51","BTCJPY","SELL","15111111","0.022125BTC","334333.330875JPY","234.03333161JPY"
"2024-12-21 22:57:20","BTCJPY","BUY","15005000","0.033729BTC","506103.645JPY","0.00002361BTC"
"2024-12-21 05:01:56","BTCJPY","SELL","15294270","0.001174BTC","17955.47298JPY","12.56883109JPY"
"2024-12-20 01:09:50","BTCJPY","BUY","15335036","0.001175BTC","18018.6673JPY","0.00000082BTC"
"2024-12-18 23:49:51","BTCJPY","SELL","15515243","0.009304BTC","144353.820872JPY","101.04767461JPY"
"2024-12-18 23:49:51","BTCJPY","SELL","15517500","0.00007BTC","1086.225JPY","0.7603575JPY"
"2024-12-18 23:49:51","BTCJPY","SELL","15517500","0.002524BTC","39166.17JPY","27.416319JPY"
"2024-12-18 23:49:34","ETHJPY","SELL","560807","0.03435ETH","19263.72045JPY","13.48460432JPY"
"2024-12-18 23:49:34","ETHJPY","SELL","560829","0.66253ETH","371566.03737JPY","260.09622616JPY"
"2024-12-18 23:49:34","ETHJPY","SELL","560829","0.13774ETH","77248.58646JPY","54.07401052JPY"
"2024-12-18 22:36:00","BTCJPY","BUY","15725459","0.00186BTC","29249.35374JPY","0.0000013BTC"
"2024-12-18 22:35:59","BTCJPY","BUY","15725459","0.010046BTC","157977.961114JPY","0.00000703BTC"
"2024-12-18 08:09:24","ETHBTC","BUY","0.03699","0.8352ETH","0.03089404BTC","0.00058464ETH"
"2024-12-18 07:34:50","BTCJPY","BUY","16000000","0.00015BTC","2400JPY","0.00000011BTC"
"2024-12-18 07:34:49","BTCJPY","BUY","16000000","0.005163BTC","82608JPY","0.00000361BTC"
"2024-12-18 07:34:49","BTCJPY","BUY","16000000","0.009233BTC","147728JPY","0.00000646BTC"
"2024-12-18 07:34:49","BTCJPY","BUY","16000000","0.007926BTC","126816JPY","0.00000555BTC"
"2024-12-18 07:32:25","BTCJPY","BUY","16000000","0.008444BTC","135104JPY","0.00000591BTC"
"2024-12-18 04:05:27","BTCJPY","SELL","16084662","0.002052BTC","33005.726424JPY","23.1040085JPY"
"2024-12-18 04:05:27","BTCJPY","SELL","16084662","0.0011BTC","17693.1282JPY","12.38518974JPY"
"2024-12-18 04:05:27","BTCJPY","SELL","16084661","0.038357BTC","616959.341977JPY","431.87153938JPY"
"2024-12-17 04:12:03","BTCJPY","BUY","16468515","0.002654BTC","43707.43881JPY","0.00000186BTC"
"2024-12-17 04:12:03","BTCJPY","BUY","16468082","0.002627BTC","43261.651414JPY","0.00000184BTC"
"2024-12-17 04:12:03","BTCJPY","BUY","16468082","0.004687BTC","77185.900334JPY","0.00000328BTC"
"2024-12-17 04:12:03","BTCJPY","BUY","16468516","0.002722BTC","44827.300552JPY","0.00000191BTC"
"2024-12-17 04:12:03","BTCJPY","BUY","16471045","0.028848BTC","475156.70616JPY","0.00002019BTC"
"2024-12-16 19:13:13","BTCJPY","SELL","16184405","0.000937BTC","15164.787485JPY","10.61535124JPY"
"2024-12-16 19:13:13","BTCJPY","SELL","16194338","0.011579BTC","187514.239702JPY","131.25996779JPY"
"2024-12-16 19:13:13","BTCJPY","SELL","16187665","0.00805BTC","130310.70325JPY","91.21749228JPY"
"2024-12-16 19:13:13","BTCJPY","SELL","16200000","0.0075BTC","121500JPY","85.05JPY"
"2024-12-16 19:13:13","BTCJPY","SELL","16194103","0.003987BTC","64565.888661JPY","45.19612206JPY"
"2024-12-16 19:13:13","BTCJPY","SELL","16184404","0.006601BTC","106833.250804JPY","74.78327556JPY"
"2024-12-16 19:13:13","BTCJPY","SELL","16195200","0.0012BTC","19434.24JPY","13.603968JPY"
"2024-12-16 19:13:13","BTCJPY","SELL","16194337","0.000138BTC","2234.818506JPY","1.56437295JPY"
"2024-12-16 19:13:13","BTCJPY","SELL","16200776","0.003617BTC","58598.206792JPY","41.01874475JPY"
"2024-12-16 19:13:13","BTCJPY","SELL","16194336","0.01558BTC","252307.75488JPY","176.61542842JPY"
"2024-12-16 19:13:13","BTCJPY","SELL","16200000","0.002BTC","32400JPY","22.68JPY"
"2024-12-16 19:13:13","BTCJPY","SELL","16200776","0.01158BTC","187604.98608JPY","131.32349026JPY"
"2024-12-16 19:13:13","BTCJPY","SELL","16200000","0.001BTC","16200JPY","11.34JPY"
"2024-12-16 19:13:13","BTCJPY","SELL","16200002","0.000472BTC","7646.400944JPY","5.35248066JPY"
"2024-12-16 19:13:13","BTCJPY","SELL","16200398","0.04BTC","648015.92JPY","453.611144JPY"
"2024-12-16 19:00:51","BTCJPY","BUY","16285491","0.002308BTC","37586.913228JPY","0.00000162BTC"
"2024-12-16 19:00:51","BTCJPY","BUY","16287281","0.015872BTC","258511.724032JPY","0.00001111BTC"
"2024-12-16 19:00:51","BTCJPY","BUY","16285668","0.016837BTC","274201.792116JPY","0.00001179BTC"
"2024-12-16 19:00:51","BTCJPY","BUY","16285532","0.047551BTC","774393.332132JPY","0.00003329BTC"
"2024-12-16 19:00:51","BTCJPY","BUY","16279101","0.002506BTC","40795.427106JPY","0.00000175BTC"
"2024-12-16 19:00:51","BTCJPY","BUY","16279101","0.024231BTC","394458.896331JPY","0.00001696BTC"
"2024-12-16 19:00:51","BTCJPY","BUY","16279700","0.000516BTC","8400.3252JPY","0.00000036BTC"
"2024-12-16 19:00:51","BTCJPY","BUY","16279396","0.0045BTC","73257.282JPY","0.00000315BTC"
"2024-12-16 13:08:25","BTCJPY","SELL","16011111","0.114067BTC",,"1278.43757891JPY"
"2024-12-16 13:08:25","BTCJPY","SELL","16011111","0.002245BTC","35944.944195JPY","25.16146094JPY"
"2024-12-15 23:57:22","BTCJPY","BUY","15994337","0.014115BTC","225760.066755JPY","0.00000988BTC"
"2024-12-15 23:57:22","BTCJPY","BUY","15994694","0.046077BTC","736987.515438JPY","0.00003225BTC"
"2024-12-15 23:57:22","BTCJPY","BUY","15994337","0.006272BTC","100316.481664JPY","0.00000439BTC"
"2024-12-15 23:57:22","BTCJPY","BUY","15994693","0.04993BTC","798615.02149JPY","0.00003495BTC"
"2024-12-15 23:56:43","BTCJPY","SELL","16006306","0.04993BTC","799194.85858JPY","559.43640101JPY"
"2024-12-15 23:56:43","BTCJPY","SELL","16014358","0.000018BTC","288.258444JPY","0.00000136BNB"
"2024-12-15 23:56:43","BTCJPY","SELL","16004070","0.00861BTC","137795.0427JPY","96.45652989JPY"
"2024-12-15 23:56:43","BTCJPY","SELL","16014355","0.000092BTC","1473.32066JPY","1.03132446JPY"
"2024-12-15 23:56:43","BTCJPY","SELL","16014357","0.000037BTC","592.531209JPY","0.41477185JPY"
"2024-12-15 23:56:43","BTCJPY","SELL","16009517","0.00309BTC","49469.40753JPY","34.62858527JPY"
"2024-12-15 23:56:43","BTCJPY","SELL","16014356","0.000062BTC","992.890072JPY","0.69502305JPY"
"2024-12-15 23:56:43","BTCJPY","SELL","16009516","0.04993BTC","799355.13388JPY","559.54859372JPY"
"2024-12-15 23:56:43","BTCJPY","SELL","16014360","0.003631BTC","58148.14116JPY","40.70369881JPY"
"2024-12-15 23:56:43","BTCJPY","SELL","16014364","0.000882BTC","14124.669048JPY","9.88726833JPY"
"2024-12-15 23:56:43","BTCJPY","SELL","16007000","0.00001BTC","160.07JPY","0.00000075BNB"
"2024-12-15 23:56:43","BTCJPY","SELL","16010689","0.000126BTC","2017.346814JPY","1.41214277JPY"
"2024-12-15 23:40:19","BTCJPY","BUY","16075729","0.002864BTC","46040.887856JPY","0.000002BTC"
"2024-12-15 23:40:19","BTCJPY","BUY","16075730","0.093611BTC","1504865.16103JPY","0.00006553BTC"
"2024-12-15 23:40:19","BTCJPY","BUY","16075729","0.020024BTC","321900.397496JPY","0.00001402BTC"
"2024-12-15 22:33:45","ETHJPY","SELL","596707","0.89971ETH","536863.25497JPY","375.80427848JPY"
"2024-12-15 22:33:45","ETHJPY","SELL","596731","0.12877ETH","76841.05087JPY","53.78873561JPY"
"2024-12-15 22:33:45","ETHJPY","SELL","596724","0.80233ETH","478769.56692JPY","335.13869684JPY"
"2024-12-15 22:33:45","ETHJPY","SELL","596737","0.41229ETH","246028.69773JPY","172.22008841JPY"
"2024-12-15 22:33:45","ETHJPY","SELL","596725","0.8976ETH","535620.36JPY","374.934252JPY"
"2024-12-15 22:20:32","ETHJPY","BUY","595813","0.19402ETH","115599.63826JPY","0.00013581ETH"
"2024-12-15 22:20:32","ETHJPY","BUY","595808","0.09454ETH","56327.68832JPY","0.00006618ETH"
"2024-12-15 22:20:32","ETHJPY","BUY","595795","0.02816ETH","16777.5872JPY","0.00001971ETH"
"2024-12-15 22:20:32","ETHJPY","BUY","595916","1.86883ETH","1113665.69828JPY","0.00130818ETH"
"2024-12-15 22:20:32","ETHJPY","BUY","595765","0.07648ETH","45564.1072JPY","0.00005354ETH"
"2024-12-15 22:20:32","ETHJPY","BUY","595590","0.07838ETH","46682.3442JPY","0.00005487ETH"
"2024-12-15 22:20:32","ETHJPY","BUY","595789","0.04384ETH","26119.38976JPY","0.00003069ETH"
"2024-12-15 22:20:32","ETHJPY","BUY","595600","0.09453ETH","56302.068JPY","0.00006617ETH"
"2024-12-15 22:20:32","ETHJPY","BUY","595791","0.3258ETH","194108.7078JPY","0.00022806ETH"
"2024-12-15 22:20:32","ETHJPY","BUY","595599","0.29467ETH","175505.15733JPY","0.00020627ETH"
"2024-12-15 22:17:35","ETHJPY","BUY","594545","0.04366ETH","25957.8347JPY","0.00003056ETH"
"2024-12-06 22:01:53","BTCJPY","SELL","15090000","0.00553BTC","83447.7JPY","58.41339JPY"
"2024-12-06 22:01:53","BTCJPY","SELL","15090000","0.002617BTC","39490.53JPY","27.643371JPY"
"2024-12-06 22:01:48","BTCJPY","SELL","15090000","0.005575BTC","84126.75JPY","58.888725JPY"
"2024-12-06 22:01:48","BTCJPY","SELL","15090000","0.005794BTC","87431.46JPY","61.202022JPY"
"2024-12-06 22:01:47","BTCJPY","SELL","15090000","0.01005BTC","151654.5JPY","106.15815JPY"
"2024-12-06 22:01:44","BTCJPY","SELL","15090000","0.005805BTC","87597.45JPY","61.318215JPY"
"2024-12-06 21:51:59","BTCJPY","SELL","15090860","0.001881BTC","28385.90766JPY","19.87013536JPY"
"2024-12-06 21:51:59","BTCJPY","SELL","15090860","0.001959BTC","29562.99474JPY","20.69409632JPY"
"2024-12-06 21:51:51","BTCJPY","SELL","15090860","0.007332BTC","110646.18552JPY","77.45232986JPY"
"2024-12-06 21:51:51","BTCJPY","SELL","15090860","0.011649BTC","175793.42814JPY","123.0553997JPY"
"2024-12-06 21:51:51","BTCJPY","SELL","15090860","0.005852BTC","88311.71272JPY","61.8181989JPY"
"2024-12-06 21:51:50","BTCJPY","SELL","15090860","0.00531BTC","80132.4666JPY","56.09272662JPY"
"2024-12-06 20:06:00","BTCJPY","BUY","15209999","0.048266BTC","734125.811734JPY","0.00003379BTC"
"2024-12-06 20:05:50","BTCJPY","BUY","15210999","0.020857BTC","317255.806143JPY","0.0000146BTC"
"2024-12-06 20:05:50","BTCJPY","BUY","15210999","0.000134BTC","2038.273866JPY","0.00000009BTC"
"2024-12-06 20:05:44","BTCJPY","BUY","15210999","0.000146BTC","2220.805854JPY","0.0000001BTC"
"2024-12-06 19:34:37","BTCJPY","SELL","15225134","0.049943BTC","760388.867362JPY","532.27220715JPY"
"2024-12-06 19:34:37","BTCJPY","SELL","15225134","0.008729BTC","132900.194686JPY","93.03013628JPY"
"2024-12-06 19:31:15","BTCJPY","BUY","15210000","0.028717BTC","436785.57JPY","0.0000201BTC"
"2024-12-06 19:31:15","BTCJPY","BUY","15210000","0.005948BTC","90469.08JPY","0.00000416BTC"
"2024-12-06 19:19:13","BTCJPY","BUY","15221999","0.00561BTC","85395.41439JPY","0.00000393BTC"
"2024-12-06 19:19:13","BTCJPY","BUY","15221999","0.003605BTC","54875.306395JPY","0.00000252BTC"
"2024-12-06 19:19:13","BTCJPY","BUY","15221999","0.005681BTC","86476.176319JPY","0.00000398BTC"
"2024-12-06 19:19:11","BTCJPY","BUY","15221999","0.009152BTC","139311.734848JPY","0.00000641BTC"
"2024-12-06 19:12:06","BTCJPY","SELL","15222555","0.010616BTC","161602.64388JPY","113.12185072JPY"
"2024-12-06 19:12:06","BTCJPY","SELL","15222555","0.010092BTC","153626.02506JPY","107.53821754JPY"
"2024-12-06 19:12:06","BTCJPY","SELL","15222555","0.020767BTC","316126.799685JPY","221.28875978JPY"
"2024-12-06 19:12:06","BTCJPY","SELL","15222555","0.009929BTC","151144.748595JPY","105.80132402JPY"
"2024-12-06 19:12:06","BTCJPY","SELL","15222555","0.006359BTC","96800.227245JPY","67.76015907JPY"
"2024-12-06 19:01:32","BTCJPY","BUY","15221000","0.017158BTC","261161.918JPY","0.00001201BTC"
"2024-12-06 19:01:32","BTCJPY","BUY","15221000","0.007247BTC","110306.587JPY","0.00000507BTC"
"2024-12-06 18:59:46","BTCJPY","BUY","15236000","0.033398BTC","508851.928JPY","0.00002338BTC"
"2024-12-05 20:14:45","BTCJPY","SELL","14801038","0.02111BTC","312449.91218JPY","218.71493853JPY"
"2024-12-05 20:14:45","BTCJPY","SELL","14801038","0.009398BTC","139100.155124JPY","97.37010859JPY"
"2024-12-05 20:14:45","BTCJPY","SELL","14801038","0.000001BTC","14.801038JPY","0.00000006BNB"
"2024-12-05 20:13:22","BTCJPY","SELL","14848088","0.001798BTC","26696.862224JPY","18.68780356JPY"
"2024-12-05 20:13:22","BTCJPY","SELL","14845925","0.011031BTC","163765.398675JPY","114.63577907JPY"
"2024-12-05 20:13:22","BTCJPY","SELL","14846872","0.051303BTC","761689.074216JPY","533.18235195JPY"
"2024-12-05 20:13:22","BTCJPY","SELL","14848235","0.029478BTC","437696.27133JPY","306.38738993JPY"
"2024-12-05 20:13:22","BTCJPY","SELL","14846873","0.003004BTC","44600.006492JPY","31.22000454JPY"
"2024-12-05 20:13:11","DOGEBTC","SELL","0.00000438","7203DOGE","0.03154914BTC","0.00002208BTC"
"2024-12-05 04:54:00","DOGEBTC","BUY","0.00000442","7209DOGE","0.03186378BTC","5.0463DOGE"
"2024-12-05 04:13:16","GALABTC","SELL","0.00000055","57878GALA","0.0318329BTC","0.00002228BTC"
"2024-12-05 00:30:23","DOTBTC","SELL","0.000106","3.76DOT","0.00039856BTC","0.00000028BTC"
"2024-12-05 00:30:23","DOTBTC","SELL","0.000106","137.23DOT","0.01454638BTC","0.00001018BTC"
"2024-12-05 00:30:23","DOTBTC","SELL","0.000106","37.86DOT","0.00401316BTC","0.00000281BTC"
"2024-12-05 00:30:23","DOTBTC","SELL","0.000106","75DOT","0.00795BTC","0.00000557BTC"
"2024-12-05 00:30:23","DOTBTC","SELL","0.000106","75DOT","0.00795BTC","0.00000557BTC"
"2024-12-05 00:30:23","DOTBTC","SELL","0.000106","47.88DOT","0.00507528BTC","0.00000355BTC"
"2024-12-05 00:27:33","ATOMBTC","SELL","0.0000999","61.37ATOM","0.00613086BTC","0.00000429BTC"
"2024-12-05 00:27:33","ATOMBTC","SELL","0.0000999","88.52ATOM","0.00884314BTC","0.00000619BTC"
"2024-12-05 00:27:33","ATOMBTC","SELL","0.0000999","48.81ATOM","0.00487611BTC","0.00000341BTC"
"2024-12-05 00:27:33","ATOMBTC","SELL","0.0000999","112.42ATOM","0.01123075BTC","0.00000786BTC"
"2024-12-05 00:27:14","EOSBTC","SELL","0.00001338","200EOS","0.002676BTC","0.00000187BTC"
"2024-12-05 00:27:14","EOSBTC","SELL","0.00001338","1646.2EOS","0.02202615BTC","0.00001542BTC"
"2024-12-04 23:14:02","GALABTC","BUY","0.00000061","57919GALA","0.03533059BTC","40.5433GALA"
"2024-12-04 22:11:08","ALGOBTC","SELL","0.000005","536ALGO","0.00268BTC","0.00000188BTC"
"2024-12-04 22:11:08","ALGOBTC","SELL","0.000005","500ALGO","0.0025BTC","0.00000175BTC"
"2024-12-04 22:11:08","ALGOBTC","SELL","0.000005","628ALGO","0.00314BTC","0.0000022BTC"
"2024-12-04 22:11:08","ALGOBTC","SELL","0.000005","3282ALGO","0.01641BTC","0.00001149BTC"
"2024-12-04 22:11:08","ALGOBTC","SELL","0.000005","424ALGO","0.00212BTC","0.00000148BTC"
"2024-12-04 22:11:08","ALGOBTC","SELL","0.000005","910ALGO","0.00455BTC","0.00000319BTC"
"2024-12-04 22:11:08","ALGOBTC","SELL","0.000005","500ALGO","0.0025BTC","0.00000175BTC"
"2024-12-04 22:11:08","ALGOBTC","SELL","0.000005","291ALGO","0.001455BTC","0.00000102BTC"
"2024-12-04 20:38:31","DOTBTC","BUY","0.0001111","377DOT","0.0418847BTC","0.2639DOT"
"2024-12-04 12:04:11","SANDBTC","SELL","0.00000987","2712SAND","0.02676744BTC","0.00001874BTC"
"2024-12-04 12:04:11","SANDBTC","SELL","0.00000987","1534SAND","0.01514058BTC","0.0000106BTC"
"2024-12-03 01:11:05","SANDBTC","BUY","0.0000087","2125SAND","0.0184875BTC","1.4875SAND"
"2024-12-03 00:26:01","SANDBTC","BUY","0.0000087","2124SAND","0.0184788BTC","1.4868SAND"
"2024-12-02 18:42:18","THETABTC","SELL","0.00003035","481.5THETA","0.01461352BTC","0.00001023BTC"
"2024-12-02 18:42:18","THETABTC","SELL","0.00003035","475.3THETA","0.01442535BTC","0.0000101BTC"
"2024-12-02 18:42:18","THETABTC","SELL","0.00003035","262.2THETA","0.00795777BTC","0.00000557BTC"
"2024-12-02 13:33:07","THETABTC","BUY","0.00003033","4.2THETA","0.00012738BTC","0.00294THETA"
"2024-12-02 13:33:07","THETABTC","BUY","0.00003033","4.5THETA","0.00013648BTC","0.00315THETA"
"2024-12-02 13:33:07","THETABTC","BUY","0.00003033","4.2THETA","0.00012738BTC","0.00294THETA"
"2024-12-02 13:33:07","THETABTC","BUY","0.00003033","2.4THETA","0.00007279BTC","0.00000579BNB"
"2024-12-02 13:33:07","THETABTC","BUY","0.00003033","4.5THETA","0.00013648BTC","0.00315THETA"
"2024-12-02 13:33:07","THETABTC","BUY","0.00003033","4.5THETA","0.00013648BTC","0.00315THETA"
"2024-12-02 13:33:07","THETABTC","BUY","0.00003033","5.2THETA","0.00015771BTC","0.00364THETA"
"2024-12-02 13:33:07","THETABTC","BUY","0.00003033","4.5THETA","0.00013648BTC","0.00315THETA"
"2024-12-02 13:33:07","THETABTC","BUY","0.00003033","4.2THETA","0.00012738BTC","0.00294THETA"
"2024-12-02 13:33:07","THETABTC","BUY","0.00003033","4.5THETA","0.00013648BTC","0.00315THETA"
"2024-12-02 13:33:07","THETABTC","BUY","0.00003033","4.5THETA","0.00013648BTC","0.00315THETA"
"2024-12-02 13:33:07","THETABTC","BUY","0.00003033","4.5THETA","0.00013648BTC","0.00315THETA"
"2024-12-02 13:33:07","THETABTC","BUY","0.00003033","4.2THETA","0.00012738BTC","0.00294THETA"
"2024-12-02 13:33:07","THETABTC","BUY","0.00003033","5.2THETA","0.00015771BTC","0.00364THETA"
"2024-12-02 13:33:07","THETABTC","BUY","0.00003033","4.2THETA","0.00012738BTC","0.00294THETA"
"2024-12-02 13:33:07","THETABTC","BUY","0.00003033","4.2THETA","0.00012738BTC","0.00294THETA"
"2024-12-02 13:33:07","THETABTC","BUY","0.00003033","5.2THETA","0.00015771BTC","0.00364THETA"
"2024-12-02 13:33:07","THETABTC","BUY","0.00003033","4.5THETA","0.00013648BTC","0.00315THETA"
"2024-12-02 13:33:07","THETABTC","BUY","0.00003033","4.5THETA","0.00013648BTC","0.00315THETA"
"2024-12-02 13:33:07","THETABTC","BUY","0.00003033","4.2THETA","0.00012738BTC","0.00294THETA"
"2024-12-02 13:33:07","THETABTC","BUY","0.00003033","4.5THETA","0.00013648BTC","0.00315THETA"
"2024-12-02 13:33:07","THETABTC","BUY","0.00003033","4.5THETA","0.00013648BTC","0.00315THETA"
"2024-12-02 13:33:07","THETABTC","BUY","0.00003033","4.5THETA","0.00013648BTC","0.00315THETA"
"2024-12-02 13:33:07","THETABTC","BUY","0.00003033","4.5THETA","0.00013648BTC","0.00315THETA"
"2024-12-02 13:33:07","THETABTC","BUY","0.00003033","4.2THETA","0.00012738BTC","0.00294THETA"
"2024-12-02 13:33:06","THETABTC","BUY","0.00003033","16.5THETA","0.00050044BTC","0.01155THETA"
"2024-12-02 13:33:06","THETABTC","BUY","0.00003033","4.2THETA","0.00012738BTC","0.00294THETA"
"2024-12-02 13:33:06","THETABTC","BUY","0.00003033","4.5THETA","0.00013648BTC","0.00315THETA"
"2024-12-02 13:33:06","THETABTC","BUY","0.00003033","4.5THETA","0.00013648BTC","0.00315THETA"
"2024-12-02 13:33:06","THETABTC","BUY","0.00003033","4.5THETA","0.00013648BTC","0.00315THETA"
"2024-12-02 13:33:06","THETABTC","BUY","0.00003033","4.5THETA","0.00013648BTC","0.00315THETA"
"2024-12-02 13:33:06","THETABTC","BUY","0.00003033","4.8THETA","0.00014558BTC","0.00336THETA"
"2024-12-02 13:33:06","THETABTC","BUY","0.00003033","4.5THETA","0.00013648BTC","0.00315THETA"
"2024-12-02 13:33:06","THETABTC","BUY","0.00003033","4.2THETA","0.00012738BTC","0.00294THETA"
"2024-12-02 13:33:06","THETABTC","BUY","0.00003033","76.2THETA","0.00231114BTC","0.05334THETA"
"2024-12-02 13:33:06","THETABTC","BUY","0.00003033","34.4THETA","0.00104335BTC","0.02408THETA"
"2024-12-02 13:33:06","THETABTC","BUY","0.00003033","4.5THETA","0.00013648BTC","0.00315THETA"
"2024-12-02 13:33:06","THETABTC","BUY","0.00003033","4.2THETA","0.00012738BTC","0.00294THETA"
"2024-12-02 13:33:06","THETABTC","BUY","0.00003033","4.2THETA","0.00012738BTC","0.00294THETA"
"2024-12-02 13:33:06","THETABTC","BUY","0.00003033","4.5THETA","0.00013648BTC","0.00315THETA"
"2024-12-02 13:33:06","THETABTC","BUY","0.00003033","5.2THETA","0.00015771BTC","0.00364THETA"
"2024-12-02 13:33:06","THETABTC","BUY","0.00003033","4.2THETA","0.00012738BTC","0.00294THETA"
"2024-12-02 13:33:06","THETABTC","BUY","0.00003033","4.5THETA","0.00013648BTC","0.00315THETA"
"2024-12-02 13:33:06","THETABTC","BUY","0.00003033","4.5THETA","0.00013648BTC","0.00315THETA"
"2024-12-02 13:33:06","THETABTC","BUY","0.00003033","124.8THETA","0.00378518BTC","0.08736THETA"
"2024-12-02 13:33:06","THETABTC","BUY","0.00003033","168.1THETA","0.00509847BTC","0.11767THETA"
"2024-12-02 13:33:06","THETABTC","BUY","0.00003033","4.5THETA","0.00013648BTC","0.00315THETA"
"2024-12-02 13:33:06","THETABTC","BUY","0.00003033","4.5THETA","0.00013648BTC","0.00315THETA"
"2024-12-02 13:33:02","THETABTC","BUY","0.0000304","93.8THETA","0.00285152BTC","0.06566THETA"
"2024-12-02 13:33:00","THETABTC","BUY","0.0000304","174.9THETA","0.00531696BTC","0.12243THETA"
"2024-12-02 13:33:00","THETABTC","BUY","0.0000304","46.4THETA","0.00141056BTC","0.03248THETA"
"2024-12-02 13:33:00","THETABTC","BUY","0.0000304","32.7THETA","0.00099408BTC","0.02289THETA"
"2024-12-02 13:33:00","THETABTC","BUY","0.0000304","29.8THETA","0.00090592BTC","0.02086THETA"
"2024-12-02 13:33:00","THETABTC","BUY","0.0000304","32.6THETA","0.00099104BTC","0.02282THETA"
"2024-12-02 13:33:00","THETABTC","BUY","0.0000304","29.5THETA","0.0008968BTC","0.02065THETA"
"2024-12-02 13:33:00","THETABTC","BUY","0.0000304","34.2THETA","0.00103968BTC","0.02394THETA"
"2024-12-02 13:33:00","THETABTC","BUY","0.0000304","0.1THETA","0.00000304BTC","0.00000024BNB"
"2024-12-02 13:33:00","THETABTC","BUY","0.0000304","35.4THETA","0.00107616BTC","0.02478THETA"
"2024-12-02 13:33:00","THETABTC","BUY","0.0000304","34.5THETA","0.0010488BTC","0.02415THETA"
"2024-12-02 13:33:00","THETABTC","BUY","0.0000304","34.3THETA","0.00104272BTC","0.02401THETA"
"2024-12-02 13:33:00","THETABTC","BUY","0.0000304","31.1THETA","0.00094544BTC","0.02177THETA"
"2024-12-02 12:53:02","THETABTC","SELL","0.00003033","7.3THETA","0.0002214BTC","0.00000015BTC"
"2024-12-02 12:53:02","THETABTC","SELL","0.00003033","250THETA","0.0075825BTC","0.00000531BTC"
"2024-12-02 12:53:02","THETABTC","SELL","0.00003033","173.1THETA","0.00525012BTC","0.00000368BTC"
"2024-12-02 12:53:02","THETABTC","SELL","0.00003033","775.1THETA","0.02350878BTC","0.00001646BTC"
"2024-12-02 12:53:02","THETABTC","SELL","0.00003033","7.3THETA","0.0002214BTC","0.00000015BTC"
"2024-12-02 12:53:02","THETABTC","SELL","0.00003033","7.3THETA","0.0002214BTC","0.00000015BTC"
"2024-12-02 12:50:50","THETABTC","BUY","0.00003027","10.6THETA","0.00032086BTC","0.00742THETA"
"2024-12-02 12:50:50","THETABTC","BUY","0.00003023","56.3THETA","0.00170194BTC","0.03941THETA"
"2024-12-02 12:50:50","THETABTC","BUY","0.00003027","174.7THETA","0.00528816BTC","0.12229THETA"
"2024-12-02 12:50:50","THETABTC","BUY","0.00003027","45.7THETA","0.00138333BTC","0.03199THETA"
"2024-12-02 12:50:50","THETABTC","BUY","0.00003022","56.3THETA","0.00170138BTC","0.03941THETA"
"2024-12-02 12:50:50","THETABTC","BUY","0.00003024","56.3THETA","0.00170251BTC","0.03941THETA"
"2024-12-02 12:50:50","THETABTC","BUY","0.00003026","56.1THETA","0.00169758BTC","0.03927THETA"
"2024-12-02 12:50:50","THETABTC","BUY","0.00003024","99.6THETA","0.0030119BTC","0.06972THETA"
"2024-12-02 12:50:50","THETABTC","BUY","0.00003025","42.6THETA","0.00128865BTC","0.02982THETA"
"2024-12-02 12:50:50","THETABTC","BUY","0.00003025","13.7THETA","0.00041442BTC","0.00959THETA"
"2024-12-02 12:50:50","THETABTC","BUY","0.00003025","291.1THETA","0.00880577BTC","0.20377THETA"
"2024-12-02 12:50:50","THETABTC","BUY","0.00003022","12.6THETA","0.00038077BTC","0.00882THETA"
"2024-12-02 12:50:00","THETABTC","BUY","0.0000303","305.3THETA","0.00925059BTC","0.21371THETA"
"2024-12-02 04:29:22","ATOMBTC","BUY","0.0000922","45.58ATOM","0.00420247BTC","0.04558ATOM"
"2024-12-02 04:28:20","ATOMBTC","BUY","0.0000922","78.48ATOM","0.00723585BTC","0.07848ATOM"
"2024-12-02 04:28:20","ATOMBTC","BUY","0.0000922","9.75ATOM","0.00089895BTC","0.00975ATOM"
"2024-12-02 04:27:19","ATOMBTC","BUY","0.0000926","52.98ATOM","0.00490594BTC","0.05298ATOM"
"2024-12-02 04:27:19","ATOMBTC","BUY","0.0000926","30.5ATOM","0.0028243BTC","0.0305ATOM"
"2024-12-02 04:27:19","ATOMBTC","BUY","0.0000925","52.98ATOM","0.00490065BTC","0.05298ATOM"
"2024-12-02 04:27:19","ATOMBTC","BUY","0.0000926","41.16ATOM","0.00381141BTC","0.04116ATOM"
"2024-12-02 04:25:15","THETABTC","SELL","0.00002902","395.6THETA","0.01148031BTC","0.00001148BTC"
"2024-12-02 04:25:14","THETABTC","SELL","0.00002902","193.8THETA","0.00562407BTC","0.00000562BTC"
"2024-12-02 04:18:14","THETABTC","BUY","0.00002899","529.2THETA","0.0153415BTC","0.5292THETA"
"2024-12-02 04:18:14","THETABTC","BUY","0.00002899","60.8THETA","0.00176259BTC","0.0608THETA"
"2024-12-02 04:08:40","THETABTC","SELL","0.00002887","272.8THETA","0.00787573BTC","0.00000788BTC"
"2024-12-02 04:08:40","THETABTC","SELL","0.00002887","18THETA","0.00051966BTC","0.00000052BTC"
"2024-12-02 04:08:40","THETABTC","SELL","0.00002887","272.8THETA","0.00787573BTC","0.00000788BTC"
"2024-12-02 04:08:40","THETABTC","SELL","0.00002887","7.3THETA","0.00021075BTC","0.00000021BTC"
"2024-12-02 04:08:40","THETABTC","SELL","0.00002887","13.4THETA","0.00038685BTC","0.00000039BTC"
"2024-12-02 04:08:40","THETABTC","SELL","0.00002887","272.8THETA","0.00787573BTC","0.00000788BTC"
"2024-12-02 04:08:34","THETABTC","SELL","0.00002887","248THETA","0.00715976BTC","0.00000716BTC"
"2024-12-01 08:58:00","ZILBTC","SELL","0.00000027","77711ZIL","0.02098197BTC","0.00002098BTC"
"2024-12-01 03:06:29","THETABTC","BUY","0.00002971","5.3THETA","0.00015746BTC","0.0053THETA"
"2024-12-01 03:06:29","THETABTC","BUY","0.00002971","128.8THETA","0.00382664BTC","0.1288THETA"
"2024-12-01 03:06:29","THETABTC","BUY","0.00002971","111.7THETA","0.0033186BTC","0.1117THETA"
"2024-12-01 03:06:29","THETABTC","BUY","0.00002971","406.7THETA","0.01208305BTC","0.4067THETA"
"2024-12-01 02:45:20","THETABTC","BUY","0.00002974","252.3THETA","0.0075034BTC","0.2523THETA"
"2024-12-01 02:45:20","THETABTC","BUY","0.00002974","58THETA","0.00172492BTC","0.058THETA"
"2024-12-01 02:45:20","THETABTC","BUY","0.00002973","71.7THETA","0.00213164BTC","0.0717THETA"
"2024-12-01 02:45:20","THETABTC","BUY","0.00002974","71.7THETA","0.00213235BTC","0.0717THETA"
"2024-12-01 02:41:27","THETABTC","SELL","0.00002982","390.7THETA","0.01165067BTC","0.00001165BTC"
"2024-12-01 02:41:27","THETABTC","SELL","0.00002982","262.5THETA","0.00782775BTC","0.00000783BTC"
"2024-12-01 02:41:27","THETABTC","SELL","0.00002982","175.7THETA","0.00523937BTC","0.00000524BTC"
"2024-12-01 02:41:25","THETABTC","SELL","0.00002982","3.6THETA","0.00010735BTC","0.00000011BTC"
"2024-12-01 02:40:08","THETABTC","BUY","0.00002986","58THETA","0.00173188BTC","0.058THETA"
"2024-12-01 02:40:08","THETABTC","BUY","0.00002986","144.6THETA","0.00431775BTC","0.1446THETA"
"2024-12-01 02:40:08","THETABTC","BUY","0.00002986","71.5THETA","0.00213499BTC","0.0715THETA"
"2024-12-01 02:39:27","THETABTC","BUY","0.00002987","1.7THETA","0.00005077BTC","0.00000564BNB"
"2024-12-01 02:39:04","THETABTC","BUY","0.00002989","16.9THETA","0.00050514BTC","0.0169THETA"
"2024-12-01 01:15:35","THETABTC","BUY","0.00003099","142.2THETA","0.00440677BTC","0.1422THETA"
"2024-12-01 01:15:35","THETABTC","BUY","0.00003099","197.3THETA","0.00611432BTC","0.1973THETA"
"2024-12-01 01:15:35","THETABTC","BUY","0.00003099","201.2THETA","0.00623518BTC","0.2012THETA"
"2024-12-01 00:19:44","ALGOBTC","BUY","0.0000046","639ALGO","0.0029394BTC","0.639ALGO"
"2024-12-01 00:19:44","ALGOBTC","BUY","0.0000046","1043ALGO","0.0047978BTC","1.043ALGO"
"2024-12-01 00:12:41","THETABTC","SELL","0.00003136","100.2THETA","0.00314227BTC","0.00000314BTC"
"2024-12-01 00:12:41","THETABTC","SELL","0.00003136","35.4THETA","0.00111014BTC","0.00000111BTC"
"2024-12-01 00:12:41","THETABTC","SELL","0.00003136","251.7THETA","0.00789331BTC","0.00000789BTC"
"2024-12-01 00:12:41","THETABTC","SELL","0.00003136","251.7THETA","0.00789331BTC","0.00000789BTC"
"2024-11-30 10:48:04","ZILBTC","BUY","0.00000027","21528ZIL","0.00581256BTC","21.528ZIL"
"2024-11-30 10:48:04","ZILBTC","BUY","0.00000027","3042ZIL","0.00082134BTC","3.042ZIL"
"2024-11-30 10:48:04","ZILBTC","BUY","0.00000027","53219ZIL","0.01436913BTC","53.219ZIL"
"2024-11-30 04:23:54","ALGOBTC","BUY","0.00000418","136ALGO","0.00056848BTC","0.00006294BNB"
"2024-11-30 04:23:54","ALGOBTC","BUY","0.00000418","358ALGO","0.00149644BTC","0.00016569BNB"
"2024-11-30 04:23:54","ALGOBTC","BUY","0.00000418","4249ALGO","0.01776082BTC","4.249ALGO"
"2024-11-30 04:23:54","ALGOBTC","BUY","0.00000418","653ALGO","0.00272954BTC","0.653ALGO"
"2024-11-29 22:52:21","EOSBTC","BUY","0.00000981","1348.9EOS","0.0132327BTC","1.3489EOS"
"2024-11-29 22:52:21","EOSBTC","BUY","0.00000981","498.7EOS","0.00489224BTC","0.00054649BNB"
"2024-11-29 14:05:10","THETABTC","BUY","0.00002335","71.1THETA","0.00166018BTC","0.00018431BNB"
"2024-11-29 14:05:10","THETABTC","BUY","0.00002335","567.9THETA","0.01326046BTC","0.00147222BNB"
"2024-11-29 14:01:45","ALGOBTC","SELL","0.00000385","6850ALGO","0.0263725BTC","0.00291961BNB"
"2024-11-29 14:01:45","ALGOBTC","SELL","0.00000385","2245ALGO","0.00864325BTC","0.00095659BNB"
"2024-11-29 14:01:45","ALGOBTC","SELL","0.00000385","3550ALGO","0.0136675BTC","0.0015135BNB"
"2024-11-29 13:57:27","ALGOBTC","BUY","0.00000382","480ALGO","0.0018336BTC","0.00020322BNB"
"2024-11-29 13:57:27","ALGOBTC","BUY","0.00000382","2742ALGO","0.01047444BTC","0.00116093BNB"
"2024-11-29 13:57:27","ALGOBTC","BUY","0.00000382","1918ALGO","0.00732676BTC","0.00081205BNB"
"2024-11-29 13:57:20","ALGOBTC","BUY","0.00000383","1842ALGO","0.00705486BTC","0.00077988BNB"
"2024-11-29 13:57:20","ALGOBTC","BUY","0.00000383","2100ALGO","0.008043BTC","0.00088911BNB"
"2024-11-29 13:57:20","ALGOBTC","BUY","0.00000383","29ALGO","0.00011107BTC","0.00001227BNB"
"2024-11-29 13:57:20","ALGOBTC","BUY","0.00000383","3534ALGO","0.01353522BTC","0.00149625BNB"
"2024-11-29 13:04:37","ASTRBTC","SELL","0.00000081","7195.3ASTR","0.00582819BTC","0.00064691BNB"
"2024-11-29 13:04:37","ASTRBTC","SELL","0.00000081","967.2ASTR","0.00078343BTC","0.00008655BNB"
"2024-11-29 13:04:37","ASTRBTC","SELL","0.00000081","9251.7ASTR","0.00749387BTC","0.00083111BNB"
"2024-11-29 13:04:37","ASTRBTC","SELL","0.00000081","267.3ASTR","0.00021651BTC","0.0000244BNB"
"2024-11-29 13:04:37","ASTRBTC","SELL","0.00000081","267.3ASTR","0.00021651BTC","0.0000244BNB"
"2024-11-29 13:04:37","ASTRBTC","SELL","0.00000081","267.3ASTR","0.00021651BTC","0.0000244BNB"
"2024-11-29 13:04:37","ASTRBTC","SELL","0.00000081","25620.8ASTR","0.02075284BTC","0.00230248BNB"
"2024-11-29 13:04:37","ASTRBTC","SELL","0.00000081","967.2ASTR","0.00078343BTC","0.00008655BNB"
"2024-11-29 08:39:54","ATOMBTC","SELL","0.000085","308.46ATOM","0.0262191BTC","0.00288512BNB"
"2024-11-29 08:39:54","ATOMBTC","SELL","0.000085","129.99ATOM","0.01104915BTC","0.00121588BNB"
"2024-11-29 08:39:50","ATOMBTC","SELL","0.000085","348.94ATOM","0.0296599BTC","0.00326364BNB"
"2024-11-29 04:51:02","LINKBTC","SELL","0.0001845","39.83LINK","0.00734863BTC","0.0008091BNB"
"2024-11-26 21:46:10","LINKBTC","BUY","0.000187","0.33LINK","0.00006171BTC","0.00000693BNB"
"2024-11-26 21:46:06","LINKBTC","BUY","0.000187","0.59LINK","0.00011033BTC","0.00001239BNB"
"2024-11-26 21:46:03","LINKBTC","BUY","0.000187","1.68LINK","0.00031416BTC","0.00003528BNB"
"2024-11-26 21:42:07","LINKBTC","BUY","0.000187","6.65LINK","0.00124355BTC","0.00013939BNB"
"2024-11-26 21:41:36","LINKBTC","BUY","0.000187","0.74LINK","0.00013838BTC","0.00001551BNB"
"2024-11-26 21:41:35","LINKBTC","BUY","0.000187","0.56LINK","0.00010472BTC","0.00001173BNB"
"2024-11-26 21:41:34","LINKBTC","BUY","0.000187","0.55LINK","0.00010285BTC","0.00001152BNB"
"2024-11-26 21:41:30","LINKBTC","BUY","0.000187","0.72LINK","0.00013464BTC","0.00001509BNB"
"2024-11-26 21:41:28","LINKBTC","BUY","0.000187","2.21LINK","0.00041327BTC","0.00004632BNB"
"2024-11-26 21:41:26","LINKBTC","BUY","0.000187","2.27LINK","0.00042449BTC","0.00004758BNB"
"2024-11-26 21:41:26","LINKBTC","BUY","0.000187","2.92LINK","0.00054604BTC","0.0000612BNB"
"2024-11-26 21:41:25","LINKBTC","BUY","0.000187","0.6LINK","0.0001122BTC","0.00001257BNB"
"2024-11-26 21:41:25","LINKBTC","BUY","0.000187","1.39LINK","0.00025993BTC","0.00002913BNB"
"2024-11-26 21:41:24","LINKBTC","BUY","0.000187","0.8LINK","0.0001496BTC","0.00001677BNB"
"2024-11-26 21:41:24","LINKBTC","BUY","0.000187","3.76LINK","0.00070312BTC","0.00007881BNB"
"2024-11-26 21:41:15","LINKBTC","BUY","0.000187","0.71LINK","0.00013277BTC","0.00001488BNB"
"2024-11-26 21:41:09","LINKBTC","BUY","0.000187","0.73LINK","0.00013651BTC","0.0000153BNB"
"2024-11-26 21:41:08","LINKBTC","BUY","0.000187","1.11LINK","0.00020757BTC","0.00002326BNB"
"2024-11-26 21:41:07","LINKBTC","BUY","0.000187","1.24LINK","0.00023188BTC","0.00002598BNB"
"2024-11-26 21:41:04","LINKBTC","BUY","0.000187","1.03LINK","0.00019261BTC","0.00002158BNB"
"2024-11-26 14:25:27","LINKBTC","SELL","0.000185","30.92LINK","0.0057202BTC","0.00064569BNB"
"2024-11-26 04:53:23","LINKBTC","BUY","0.0001853","10.85LINK","0.0020105BTC","0.00022263BNB"
"2024-11-26 04:53:23","LINKBTC","BUY","0.0001853","25.19LINK","0.0046677BTC","0.00051689BNB"
"2024-11-26 04:53:19","LINKBTC","BUY","0.0001853","4.12LINK","0.00076343BTC","0.00008454BNB"
"2024-11-24 00:37:57","ASTRBTC","BUY","0.00000085","2359.4ASTR","0.00200549BTC","0.00022474BNB"
"2024-11-24 00:37:56","ASTRBTC","BUY","0.00000085","251.8ASTR","0.00021403BTC","0.00002398BNB"
"2024-11-24 00:37:56","ASTRBTC","BUY","0.00000085","905.9ASTR","0.00077001BTC","0.00008628BNB"
"2024-11-24 00:37:56","ASTRBTC","BUY","0.00000085","247.1ASTR","0.00021003BTC","0.00002353BNB"
"2024-11-24 00:37:56","ASTRBTC","BUY","0.00000085","364.7ASTR","0.00030999BTC","0.00003474BNB"
"2024-11-24 00:37:56","ASTRBTC","BUY","0.00000085","364.7ASTR","0.00030999BTC","0.00003474BNB"
"2024-11-24 00:37:56","ASTRBTC","BUY","0.00000085","247.1ASTR","0.00021003BTC","0.00002353BNB"
"2024-11-24 00:37:56","ASTRBTC","BUY","0.00000085","247.1ASTR","0.00021003BTC","0.00002353BNB"
"2024-11-24 00:37:51","ASTRBTC","BUY","0.00000085","251.8ASTR","0.00021403BTC","0.00002398BNB"
"2024-11-24 00:37:51","ASTRBTC","BUY","0.00000085","251.8ASTR","0.00021403BTC","0.00002398BNB"
"2024-11-24 00:37:51","ASTRBTC","BUY","0.00000085","251.8ASTR","0.00021403BTC","0.00002398BNB"
"2024-11-24 00:37:51","ASTRBTC","BUY","0.00000085","251.8ASTR","0.00021403BTC","0.00002398BNB"
"2024-11-24 00:37:51","ASTRBTC","BUY","0.00000085","251.8ASTR","0.00021403BTC","0.00002398BNB"
"2024-11-24 00:37:51","ASTRBTC","BUY","0.00000085","911.3ASTR","0.0007746BTC","0.0000868BNB"
"2024-11-24 00:37:51","ASTRBTC","BUY","0.00000085","251.8ASTR","0.00021403BTC","0.00002398BNB"
"2024-11-24 00:37:51","ASTRBTC","BUY","0.00000085","251.8ASTR","0.00021403BTC","0.00002398BNB"
"2024-11-24 00:37:51","ASTRBTC","BUY","0.00000085","3909ASTR","0.00332265BTC","0.00037236BNB"
"2024-11-24 00:37:51","ASTRBTC","BUY","0.00000085","3909ASTR","0.00332265BTC","0.00037236BNB"
"2024-11-24 00:37:51","ASTRBTC","BUY","0.00000085","911.3ASTR","0.0007746BTC","0.0000868BNB"
"2024-11-24 00:37:51","ASTRBTC","BUY","0.00000085","911.3ASTR","0.0007746BTC","0.0000868BNB"
"2024-11-24 00:37:51","ASTRBTC","BUY","0.00000085","911.3ASTR","0.0007746BTC","0.0000868BNB"
"2024-11-24 00:37:51","ASTRBTC","BUY","0.00000085","911.3ASTR","0.0007746BTC","0.0000868BNB"
"2024-11-24 00:37:50","ASTRBTC","BUY","0.00000085","905.9ASTR","0.00077001BTC","0.00008628BNB"
"2024-11-24 00:37:50","ASTRBTC","BUY","0.00000085","247.1ASTR","0.00021003BTC","0.00002353BNB"
"2024-11-24 00:37:50","ASTRBTC","BUY","0.00000085","247.1ASTR","0.00021003BTC","0.00002353BNB"
"2024-11-24 00:37:50","ASTRBTC","BUY","0.00000085","905.9ASTR","0.00077001BTC","0.00008628BNB"
"2024-11-24 00:37:50","ASTRBTC","BUY","0.00000085","371.7ASTR","0.00031594BTC","0.0000354BNB"
"2024-11-24 00:37:50","ASTRBTC","BUY","0.00000085","247.1ASTR","0.00021003BTC","0.00002353BNB"
"2024-11-24 00:37:50","ASTRBTC","BUY","0.00000085","251.8ASTR","0.00021403BTC","0.00002398BNB"
"2024-11-24 00:37:50","ASTRBTC","BUY","0.00000085","905.9ASTR","0.00077001BTC","0.00008628BNB"
"2024-11-24 00:37:50","ASTRBTC","BUY","0.00000085","247.1ASTR","0.00021003BTC","0.00002353BNB"
"2024-11-24 00:37:50","ASTRBTC","BUY","0.00000085","251.8ASTR","0.00021403BTC","0.00002398BNB"
"2024-11-24 00:37:50","ASTRBTC","BUY","0.00000085","247.1ASTR","0.00021003BTC","0.00002353BNB"
"2024-11-24 00:37:50","ASTRBTC","BUY","0.00000085","247.1ASTR","0.00021003BTC","0.00002353BNB"
"2024-11-24 00:37:50","ASTRBTC","BUY","0.00000085","251.8ASTR","0.00021403BTC","0.00002398BNB"
"2024-11-24 00:37:50","ASTRBTC","BUY","0.00000085","1505.9ASTR","0.00128001BTC","0.00014344BNB"
"2024-11-24 00:37:50","ASTRBTC","BUY","0.00000085","3909.1ASTR","0.00332273BTC","0.00037236BNB"
"2024-11-24 00:37:50","ASTRBTC","BUY","0.00000085","905.9ASTR","0.00077001BTC","0.00008628BNB"
"2024-11-24 00:37:50","ASTRBTC","BUY","0.00000085","247.1ASTR","0.00021003BTC","0.00002353BNB"
"2024-11-24 00:37:50","ASTRBTC","BUY","0.00000085","905.9ASTR","0.00077001BTC","0.00008628BNB"
"2024-11-24 00:37:50","ASTRBTC","BUY","0.00000085","364.7ASTR","0.00030999BTC","0.00003474BNB"
"2024-11-24 00:37:50","ASTRBTC","BUY","0.00000085","905.9ASTR","0.00077001BTC","0.00008628BNB"
"2024-11-24 00:37:50","ASTRBTC","BUY","0.00000085","247.1ASTR","0.00021003BTC","0.00002353BNB"
"2024-11-24 00:37:50","ASTRBTC","BUY","0.00000085","247.1ASTR","0.00021003BTC","0.00002353BNB"
"2024-11-24 00:37:50","ASTRBTC","BUY","0.00000085","251.8ASTR","0.00021403BTC","0.00002398BNB"
"2024-11-24 00:37:50","ASTRBTC","BUY","0.00000085","251.8ASTR","0.00021403BTC","0.00002398BNB"
"2024-11-24 00:37:50","ASTRBTC","BUY","0.00000085","247.1ASTR","0.00021003BTC","0.00002353BNB"
"2024-11-24 00:37:50","ASTRBTC","BUY","0.00000085","247.1ASTR","0.00021003BTC","0.00002353BNB"
"2024-11-24 00:37:50","ASTRBTC","BUY","0.00000085","247.1ASTR","0.00021003BTC","0.00002353BNB"
"2024-11-24 00:37:50","ASTRBTC","BUY","0.00000085","251.8ASTR","0.00021403BTC","0.00002398BNB"
"2024-11-24 00:37:50","ASTRBTC","BUY","0.00000085","911.3ASTR","0.0007746BTC","0.0000868BNB"
"2024-11-24 00:37:50","ASTRBTC","BUY","0.00000085","251.8ASTR","0.00021403BTC","0.00002398BNB"
"2024-11-24 00:37:50","ASTRBTC","BUY","0.00000085","247.1ASTR","0.00021003BTC","0.00002353BNB"
"2024-11-24 00:37:50","ASTRBTC","BUY","0.00000085","251.8ASTR","0.00021403BTC","0.00002398BNB"
"2024-11-24 00:37:50","ASTRBTC","BUY","0.00000085","911.3ASTR","0.0007746BTC","0.0000868BNB"
"2024-11-24 00:37:50","ASTRBTC","BUY","0.00000085","911.3ASTR","0.0007746BTC","0.0000868BNB"
"2024-11-24 00:37:49","ASTRBTC","BUY","0.00000085","6131.8ASTR","0.00521203BTC","0.00058409BNB"
"2024-11-24 00:29:21","XLMETH","SELL","0.000148","3935XLM","0.58238ETH","0.00227491BNB"
"2024-11-24 00:29:21","XLMETH","SELL","0.000148","510XLM","0.07548ETH","0.00029484BNB"
"2024-11-24 00:29:21","XLMETH","SELL","0.000148","2926XLM","0.433048ETH","0.00169159BNB"
"2024-11-22 20:32:09","ATOMETH","BUY","0.002215","193.035ATOM","0.42757252ETH","0.00168997BNB"
"2024-11-22 20:32:09","ATOMETH","BUY","0.002215","27.003ATOM","0.05981164ETH","0.0002364BNB"
"2024-11-22 20:25:11","ATOMETH","BUY","0.002215","8.25ATOM","0.01827375ETH","0.00007232BNB"
"2024-11-22 20:10:05","ATOMETH","BUY","0.002217","4.365ATOM","0.0096772ETH","0.00003837BNB"
"2024-11-22 20:10:03","ATOMETH","BUY","0.002217","70ATOM","0.15519ETH","0.00061547BNB"
"2024-11-22 20:10:02","ATOMETH","BUY","0.002217","18.907ATOM","0.04191681ETH","0.00016623BNB"
"2024-11-22 20:10:02","ATOMETH","BUY","0.002217","145.21ATOM","0.32193057ETH","0.00127676BNB"
"2024-11-22 20:09:34","ATOMETH","BUY","0.002217","18.753ATOM","0.0415754ETH","0.00016488BNB"
"2024-11-22 19:51:26","ATOMBTC","BUY","0.0000729","100ATOM","0.00729BTC","0.00087684BNB"
"2024-11-22 19:51:26","ATOMBTC","BUY","0.0000729","201.87ATOM","0.01471632BTC","0.00177007BNB"
"2024-11-22 00:01:25","XLMETH","SELL","0.00008","5121XLM","0.40968ETH","0.00165727BNB"
"2024-11-21 03:29:52","XLMETH","BUY","0.00007777","4113XLM","0.31986801ETH","0.00122895BNB"
"2024-11-21 02:24:32","XLMETH","BUY","0.00007777","761XLM","0.05918297ETH","0.00022797BNB"
"2024-11-20 23:36:59","XLMETH","BUY","0.0000806","4702XLM","0.3789812ETH","0.00144071BNB"
"2024-11-20 13:33:21","XLMETH","SELL","0.00008","1550XLM","0.124ETH","0.0004704BNB"
"2024-11-20 13:33:21","XLMETH","SELL","0.00008","1607XLM","0.12856ETH","0.0004877BNB"
"2024-11-20 11:10:42","XLMETH","SELL","0.00008","1094XLM","0.08752ETH","0.00033218BNB"
"2024-11-20 11:10:42","XLMETH","SELL","0.00008","604XLM","0.04832ETH","0.00018339BNB"
"2024-11-20 11:10:42","XLMETH","SELL","0.00008","997XLM","0.07976ETH","0.00030273BNB"
"2024-11-20 11:10:42","XLMETH","SELL","0.00008","2091XLM","0.16728ETH","0.00063491BNB"
"2024-11-20 11:10:42","XLMETH","SELL","0.00008","477XLM","0.03816ETH","0.00014483BNB"
"2024-11-20 11:10:41","XLMETH","SELL","0.00008","1056XLM","0.08448ETH","0.00032064BNB"
"2024-11-19 10:43:49","DOGEJPY","BUY","59.22","2DOGE","118.44JPY","0BNB"
"2024-11-19 00:41:58","ETHJPY","BUY","489632","0.40885ETH","200186.0432JPY","0.00156927BNB"
"2024-11-19 00:40:41","ETHJPY","BUY","490143","0.25737ETH","126148.10391JPY","0.00098835BNB"
"2024-11-18 23:54:04","XLMETH","BUY","0.0000725","121XLM","0.0087725ETH","0.00003418BNB"
"2024-11-18 23:54:03","XLMETH","BUY","0.0000725","1115XLM","0.0808375ETH","0.00031503BNB"
"2024-11-18 23:54:03","XLMETH","BUY","0.0000725","90XLM","0.006525ETH","0.00002542BNB"
"2024-11-18 23:54:03","XLMETH","BUY","0.0000725","104XLM","0.00754ETH","0.00002937BNB"
"2024-11-18 23:51:58","ETHJPY","BUY","497264","0.10362ETH","51526.49568JPY","0.0004035BNB"
"2024-11-18 14:00:39","XLMETH","BUY","0.00007777","3786XLM","0.29443722ETH","0.00109979BNB"
"2024-11-18 14:00:39","XLMETH","BUY","0.00007777","1847XLM","0.14364119ETH","0.00053653BNB"
"2024-11-18 13:37:56","XLMETH","SELL","0.000079","951XLM","0.075129ETH","0.00028131BNB"
"2024-11-18 13:37:56","XLMETH","SELL","0.000079","2215XLM","0.174985ETH","0.00065522BNB"
"2024-11-18 13:37:56","XLMETH","SELL","0.000079","2067XLM","0.163293ETH","0.00061141BNB"
"2024-11-18 13:37:51","XLMETH","SELL","0.000079","87XLM","0.006873ETH","0.00002571BNB"
"2024-11-18 13:37:50","XLMETH","SELL","0.000079","226XLM","0.017854ETH","0.00006683BNB"
"2024-11-18 13:35:03","XLMETH","BUY","0.00007878","210XLM","0.0165438ETH","0.00006199BNB"
"2024-11-18 13:35:03","XLMETH","BUY","0.00007878","1788XLM","0.14085864ETH","0.00052788BNB"
"2024-11-18 13:35:03","XLMETH","BUY","0.00007878","715XLM","0.0563277ETH","0.00021108BNB"
"2024-11-18 13:35:03","XLMETH","BUY","0.00007878","7260XLM","0.5719428ETH","0.00214341BNB"
"2024-11-18 13:35:03","XLMETH","BUY","0.00007878","675XLM","0.0531765ETH","0.00019928BNB"
"2024-11-18 13:35:03","XLMETH","BUY","0.00007878","227XLM","0.01788306ETH","0.00006701BNB"
"2024-11-18 13:22:11","XLMETH","SELL","0.00007676","1566XLM","0.12020616ETH","0.00044921BNB"
"2024-11-18 13:22:11","XLMETH","SELL","0.00007676","6208XLM","0.47652608ETH","0.00178074BNB"
"2024-11-18 13:22:11","XLMETH","SELL","0.00007676","2705XLM","0.2076358ETH","0.00077592BNB"
"2024-11-18 13:22:10","XLMETH","SELL","0.00007676","207XLM","0.01588932ETH","0.00005937BNB"
"2024-11-18 13:22:10","XLMETH","SELL","0.00007676","475XLM","0.036461ETH","0.00013624BNB"
"2024-11-18 13:17:39","XLMETH","BUY","0.00007686","419XLM","0.03220434ETH","0.00012046BNB"
"2024-11-18 13:17:39","XLMETH","BUY","0.00007686","271XLM","0.02082906ETH","0.00007791BNB"
"2024-11-18 13:17:39","XLMETH","BUY","0.00007686","233XLM","0.01790838ETH","0.00006699BNB"
"2024-11-18 13:17:39","XLMETH","BUY","0.00007686","215XLM","0.0165249ETH","0.00006181BNB"
"2024-11-18 13:17:39","XLMETH","BUY","0.00007686","242XLM","0.01860012ETH","0.00006957BNB"
"2024-11-18 13:17:39","XLMETH","BUY","0.00007686","313XLM","0.02405718ETH","0.00008998BNB"
"2024-11-18 13:17:39","XLMETH","BUY","0.00007686","335XLM","0.0257481ETH","0.00009631BNB"
"2024-11-18 13:17:39","XLMETH","BUY","0.00007686","429XLM","0.03297294ETH","0.00012333BNB"
"2024-11-18 13:17:39","XLMETH","BUY","0.00007686","737XLM","0.05664582ETH","0.00021189BNB"
"2024-11-18 13:17:39","XLMETH","BUY","0.00007686","305XLM","0.0234423ETH","0.00008769BNB"
"2024-11-18 13:17:39","XLMETH","BUY","0.00007686","63XLM","0.00484218ETH","0.00001811BNB"
"2024-11-18 13:17:39","XLMETH","BUY","0.00007686","433XLM","0.03328038ETH","0.00012449BNB"
"2024-11-18 13:17:39","XLMETH","BUY","0.00007686","276XLM","0.02121336ETH","0.00007935BNB"
"2024-11-18 13:17:39","XLMETH","BUY","0.00007686","236XLM","0.01813896ETH","0.00006785BNB"
"2024-11-18 13:17:39","XLMETH","BUY","0.00007686","425XLM","0.0326655ETH","0.00012219BNB"
"2024-11-18 13:17:39","XLMETH","BUY","0.00007686","612XLM","0.04703832ETH","0.00017595BNB"
"2024-11-18 13:17:39","XLMETH","BUY","0.00007686","63XLM","0.00484218ETH","0.00001811BNB"
"2024-11-18 13:17:39","XLMETH","BUY","0.00007686","280XLM","0.0215208ETH","0.00008049BNB"
"2024-11-18 13:17:39","XLMETH","BUY","0.00007686","216XLM","0.01660176ETH","0.0000621BNB"
"2024-11-18 13:17:39","XLMETH","BUY","0.00007686","245XLM","0.0188307ETH","0.00007044BNB"
"2024-11-18 13:17:39","XLMETH","BUY","0.00007686","347XLM","0.02667042ETH","0.00009976BNB"
"2024-11-18 13:17:39","XLMETH","BUY","0.00007686","216XLM","0.01660176ETH","0.0000621BNB"
"2024-11-18 13:17:39","XLMETH","BUY","0.00007686","254XLM","0.01952244ETH","0.00007302BNB"
"2024-11-18 13:17:39","XLMETH","BUY","0.00007686","462XLM","0.03550932ETH","0.00013282BNB"
"2024-11-18 13:17:39","XLMETH","BUY","0.00007686","337XLM","0.02590182ETH","0.00009688BNB"
"2024-11-18 13:17:39","XLMETH","BUY","0.00007686","805XLM","0.0618723ETH","0.00023144BNB"
"2024-11-18 13:17:39","XLMETH","BUY","0.00007686","393XLM","0.03020598ETH","0.00011298BNB"
"2024-11-18 13:17:39","XLMETH","BUY","0.00007686","684XLM","0.05257224ETH","0.00019665BNB"
"2024-11-18 13:17:39","XLMETH","BUY","0.00007686","63XLM","0.00484218ETH","0.00001811BNB"
"2024-11-18 13:17:39","XLMETH","BUY","0.00007686","447XLM","0.03435642ETH","0.00012851BNB"
"2024-11-18 13:17:39","XLMETH","BUY","0.00007686","319XLM","0.02451834ETH","0.00009171BNB"
"2024-11-18 13:17:39","XLMETH","BUY","0.00007686","423XLM","0.03251178ETH","0.00012161BNB"
"2024-11-18 13:17:39","XLMETH","BUY","0.00007686","63XLM","0.00484218ETH","0.00001811BNB"
"2024-11-18 13:15:05","ETHJPY","BUY","475200","0.42833ETH","203542.416JPY","0.00160143BNB"
"2024-11-18 13:13:43","ETHJPY","BUY","475230","0.42952ETH","204120.7896JPY","0.00160668BNB"
"2024-11-15 04:45:50","DOGEJPY","SELL","55.93","12DOGE","671.16JPY","0BNB"
"2024-11-15 04:45:50","DOGEJPY","SELL","55.87","88DOGE","4916.56JPY","0BNB"
"2024-11-15 04:45:50","DOGEJPY","SELL","55.96","2588DOGE","144824.48JPY","0BNB"
"2024-11-15 04:45:50","DOGEJPY","SELL","55.86","8905DOGE","497433.3JPY","0BNB"
"2024-11-15 04:45:50","DOGEJPY","SELL","55.92","2013DOGE","112566.96JPY","0BNB"
"2024-11-15 04:45:50","DOGEJPY","SELL","55.93","121DOGE","6767.53JPY","0BNB"
"2024-11-15 04:45:50","DOGEJPY","SELL","55.93","58DOGE","3243.94JPY","0BNB"
"2024-11-15 04:45:50","DOGEJPY","SELL","55.9","33DOGE","1844.7JPY","0BNB"
"2024-11-14 23:58:39","DOGEJPY","BUY","56.96","1835DOGE","104521.6JPY","0.00080073BNB"
"2024-11-14 23:58:39","DOGEJPY","BUY","56.93","3DOGE","170.79JPY","0.0000013BNB"
"2024-11-14 23:58:39","DOGEJPY","BUY","56.95","1993DOGE","113501.35JPY","0.00086968BNB"
"2024-11-14 23:58:39","DOGEJPY","BUY","56.93","557DOGE","31710.01JPY","0.00024305BNB"
"2024-11-14 23:56:52","DOGEJPY","BUY","56.76","2473DOGE","140367.48JPY","0.00108054BNB"
"2024-11-14 23:56:52","DOGEJPY","BUY","56.75","1725DOGE","97893.75JPY","0.00075371BNB"
"2024-11-14 23:56:52","DOGEJPY","BUY","56.75","80DOGE","4540JPY","0.00003495BNB"
"2024-11-14 14:01:04","ETHJPY","SELL","495622","0.00442ETH","2190.64924JPY","0.00001665BNB"
"2024-11-14 14:01:01","ETHJPY","SELL","495622","0.42247ETH","209385.42634JPY","0.00159237BNB"
"2024-11-14 14:00:56","ETHJPY","SELL","495622","0.0003ETH","148.6866JPY","0.00000112BNB"
"2024-11-14 14:00:50","ETHJPY","SELL","495622","0.00404ETH","2002.31288JPY","0.00001522BNB"
"2024-11-14 14:00:50","ETHJPY","SELL","495622","0.00546ETH","2706.09612JPY","0.00002057BNB"
"2024-11-14 14:00:50","ETHJPY","SELL","495622","0.00419ETH","2076.65618JPY","0.00001578BNB"
"2024-11-14 14:00:50","ETHJPY","SELL","495622","0.00431ETH","2136.13082JPY","0.00001624BNB"
"2024-11-14 14:00:50","ETHJPY","SELL","495622","0.00397ETH","1967.61934JPY","0.00001496BNB"
"2024-11-14 14:00:50","ETHJPY","SELL","495622","0.00375ETH","1858.5825JPY","0.00001413BNB"
"2024-11-14 14:00:50","ETHJPY","SELL","495622","0.00563ETH","2790.35186JPY","0.00002121BNB"
"2024-11-14 14:00:50","ETHJPY","SELL","495622","0.0048ETH","2378.9856JPY","0.00001809BNB"
"2024-11-14 14:00:50","ETHJPY","SELL","495622","0.00546ETH","2706.09612JPY","0.00002057BNB"
"2024-11-14 14:00:50","ETHJPY","SELL","495622","0.00513ETH","2542.54086JPY","0.00001933BNB"
"2024-11-14 14:00:50","ETHJPY","SELL","495622","0.00497ETH","2463.24134JPY","0.00001872BNB"
"2024-11-14 14:00:50","ETHJPY","SELL","495622","0.00395ETH","1957.7069JPY","0.00001488BNB"
"2024-11-14 11:02:22","DOGEJPY","BUY","63","1976DOGE","124488JPY","0.0009461BNB"
"2024-11-14 11:02:21","DOGEJPY","BUY","63","8DOGE","504JPY","0.00000382BNB"
"2024-11-14 11:02:20","DOGEJPY","BUY","63","63DOGE","3969JPY","0.00003015BNB"
"2024-11-14 00:40:23","DOGEJPY","BUY","61.21","3105DOGE","190057.05JPY","0.0014825BNB"
"2024-11-14 00:23:17","ETHJPY","BUY","498000","0.0459ETH","22858.2JPY","0.00017772BNB"
"2024-11-14 00:23:17","ETHJPY","BUY","498000","0.02035ETH","10134.3JPY","0.00007878BNB"
"2024-11-14 00:23:17","ETHJPY","BUY","498000","0.09317ETH","46398.66JPY","0.00036075BNB"
"2024-11-14 00:23:17","ETHJPY","BUY","498000","0.0452ETH","22509.6JPY","0.00017501BNB"
"2024-11-14 00:23:17","ETHJPY","BUY","498000","0.03126ETH","15567.48JPY","0.00012103BNB"
"2024-11-14 00:23:17","ETHJPY","BUY","498000","0.03125ETH","15562.5JPY","0.00012099BNB"
"2024-11-14 00:23:16","ETHJPY","BUY","498000","0.03126ETH","15567.48JPY","0.00012103BNB"
"2024-11-14 00:23:16","ETHJPY","BUY","498000","0.04131ETH","20572.38JPY","0.00015994BNB"
"2024-11-14 00:23:16","ETHJPY","BUY","498000","0.03125ETH","15562.5JPY","0.00012099BNB"
"2024-11-13 04:34:05","DOGEJPY","SELL","57.24","236DOGE","13508.64JPY","0.00010769BNB"
"2024-11-13 04:34:05","DOGEJPY","SELL","57.24","178DOGE","10188.72JPY","0.00008122BNB"
"2024-11-13 04:34:05","DOGEJPY","SELL","57.24","2035DOGE","116483.4JPY","0.00092865BNB"
"2024-11-12 23:57:26","DOGEJPY","BUY","59","466DOGE","27494JPY","0.00021307BNB"
"2024-11-12 23:57:24","DOGEJPY","BUY","59","1983DOGE","116997JPY","0.00090671BNB"
"2024-11-12 13:03:05","DOGEJPY","SELL","55.55","1979DOGE","109933.45JPY","0.0008616BNB"
"2024-11-12 13:03:05","DOGEJPY","SELL","55.55","9823DOGE","545667.65JPY","0.00427666BNB"
"2024-11-12 13:03:05","DOGEJPY","SELL","55.55","277DOGE","15387.35JPY","0.00012059BNB"
"2024-11-12 08:10:03","DOGEJPY","BUY","63.2","865DOGE","54668JPY","0.00040875BNB"
"2024-11-12 08:10:03","DOGEJPY","BUY","63.2","2325DOGE","146940JPY","0.00109868BNB"
"2024-11-12 08:03:21","DOGEJPY","BUY","63.39","1590DOGE","100790.1JPY","0.00075387BNB"
"2024-11-12 04:00:02","DOGEJPY","BUY","56.15","29DOGE","1628.35JPY","0.00001211BNB"
"2024-11-12 04:00:02","DOGEJPY","BUY","56.15","594DOGE","33353.1JPY","0.00024816BNB"
"2024-11-12 04:00:02","DOGEJPY","BUY","56.15","3278DOGE","184059.7JPY","0.00136953BNB"
"2024-11-12 04:00:01","DOGEJPY","BUY","56.15","24DOGE","1347.6JPY","0.00001002BNB"
"2024-11-12 03:59:55","DOGEJPY","BUY","56.15","29DOGE","1628.35JPY","0.00001211BNB"
"2024-11-12 03:59:54","DOGEJPY","BUY","56.15","25DOGE","1403.75JPY","0.00001044BNB"
"2024-11-12 00:05:02","DOGEJPY","SELL","52.18","2518DOGE","131389.24JPY","0.00097753BNB"
"2024-11-12 00:05:02","DOGEJPY","SELL","52.18","351DOGE","18315.18JPY","0.00013626BNB"
"2024-11-12 00:05:02","DOGEJPY","SELL","52.18","195DOGE","10175.1JPY","0.00007569BNB"
"2024-11-12 00:04:20","DOGEJPY","SELL","52.02","73DOGE","3797.46JPY","0.00002825BNB"
"2024-11-12 00:04:20","DOGEJPY","SELL","52.02","6397DOGE","332771.94JPY","0.00247581BNB"
"2024-11-12 00:04:20","DOGEJPY","SELL","52.02","412DOGE","21432.24JPY","0.00015945BNB"
"2024-11-12 00:04:20","DOGEJPY","SELL","52.02","34DOGE","1768.68JPY","0.00001315BNB"
"2024-11-11 21:21:37","LINKBTC","SELL","0.0001677","61.6LINK","0.01033032BTC","0.00106231BNB"
"2024-11-11 21:21:33","LINKBTC","SELL","0.0001677","38.4LINK","0.00643968BTC","0.00066227BNB"
"2024-11-11 13:03:24","DOGEJPY","BUY","44.5","1174DOGE","52243JPY","0.00041065BNB"
"2024-11-11 12:37:18","DOGEJPY","BUY","44.64","906DOGE","40443.84JPY","0.00031475BNB"
"2024-11-11 12:37:18","DOGEJPY","BUY","44.64","105DOGE","4687.2JPY","0.00003647BNB"
"2024-11-11 12:37:18","DOGEJPY","BUY","44.64","208DOGE","9285.12JPY","0.00007225BNB"
"2024-11-11 05:45:23","SHIBJPY","SELL","0.003849","6017530SHIB","23161.47297JPY","0.00018117BNB"
"2024-11-11 05:45:23","SHIBJPY","SELL","0.00385","21696288SHIB","83530.7088JPY","0.00065341BNB"
"2024-11-10 04:04:57","ETHJPY","BUY","478313","0.1119ETH","53523.2247JPY","0.00041899BNB"
"2024-11-10 02:45:19","POLJPY","SELL","60","310.8POL","18648JPY","0.00014601BNB"
"2024-11-10 02:45:17","POLJPY","SELL","60","93.2POL","5592JPY","0.00004378BNB"
"2024-11-10 02:45:17","POLJPY","SELL","60","122.5POL","7350JPY","0.00005754BNB"
"2024-11-10 02:45:16","POLJPY","SELL","60","207.6POL","12456JPY","0.00009753BNB"
"2024-11-10 02:45:16","POLJPY","SELL","60","158POL","9480JPY","0.00007422BNB"
"2024-11-06 02:58:41","DOGEJPY","BUY","31.08","1013DOGE","31484.04JPY","0.00026178BNB"
"2024-11-06 02:58:38","DOGEJPY","BUY","31.08","4580DOGE","142346.4JPY","0.00118362BNB"
"2024-11-06 02:58:38","DOGEJPY","BUY","31.08","1000DOGE","31080JPY","0.00025843BNB"
"2024-11-06 02:58:38","DOGEJPY","BUY","31.08","2391DOGE","74312.28JPY","0.00061791BNB"
"2024-11-06 02:52:26","DOGEJPY","SELL","30","5474DOGE","164220JPY","0.00137821BNB"
"2024-11-06 02:07:18","DOGEJPY","BUY","27.53","7397DOGE","203639.41JPY","0.00173844BNB"
"2024-11-04 22:56:47","DOGEJPY","SELL","24.13","362DOGE","8735.06JPY","0.00007809BNB"
"2024-11-04 22:56:47","DOGEJPY","SELL","24.13","123DOGE","2967.99JPY","0.00002652BNB"
"2024-11-04 22:56:47","DOGEJPY","SELL","24.13","1641DOGE","39597.33JPY","0.000354BNB"
"2024-11-04 11:41:06","DOGEJPY","BUY","23.92","1645DOGE","39348.4JPY","1.645DOGE"
"2024-11-04 11:41:06","DOGEJPY","BUY","23.92","280DOGE","6697.6JPY","0.28DOGE"
"2024-11-04 11:41:06","DOGEJPY","BUY","23.92","203DOGE","4855.76JPY","0.203DOGE"
"2024-11-03 12:07:24","DOGEJPY","SELL","22.79","5059DOGE","115294.61JPY","115.29461JPY"
"2024-11-03 12:07:24","DOGEJPY","SELL","22.83","1343DOGE","30660.69JPY","30.66069JPY"
"2024-11-03 12:07:24","DOGEJPY","SELL","22.84","1176DOGE","26859.84JPY","26.85984JPY"
"2024-11-03 12:07:24","DOGEJPY","SELL","22.79","2004DOGE","45671.16JPY","45.67116JPY"
"2024-11-03 12:07:24","DOGEJPY","SELL","22.83","227DOGE","5182.41JPY","5.18241JPY"
"2024-11-03 12:07:24","DOGEJPY","SELL","22.83","3694DOGE","84334.02JPY","84.33402JPY"
"2024-11-03 12:07:24","DOGEJPY","SELL","22.74","463DOGE","10528.62JPY","10.52862JPY"
"2024-11-01 01:17:14","DOGEJPY","BUY","24.86","38DOGE","944.68JPY","0.00000805BNB"
"2024-11-01 01:17:14","DOGEJPY","BUY","24.86","18DOGE","447.48JPY","0.00000381BNB"
"2024-11-01 01:17:14","DOGEJPY","BUY","24.86","53DOGE","1317.58JPY","0.00001123BNB"
"2024-11-01 01:17:14","DOGEJPY","BUY","24.86","282DOGE","7010.52JPY","0.0000598BNB"
"2024-11-01 01:17:14","DOGEJPY","BUY","24.86","1563DOGE","38856.18JPY","1.563DOGE"
"2024-11-01 01:17:14","DOGEJPY","BUY","24.86","44DOGE","1093.84JPY","0.00000933BNB"
"2024-11-01 01:17:14","DOGEJPY","BUY","24.86","78DOGE","1939.08JPY","0.00001653BNB"
"2024-10-31 22:09:04","DOGEJPY","BUY","24.63","2182DOGE","53742.66JPY","2.182DOGE"
"2024-10-18 22:21:19","DOGEJPY","BUY","20.75","2656DOGE","55112JPY","2.656DOGE"
"2024-10-18 22:21:08","DOGEJPY","BUY","20.75","218DOGE","4523.5JPY","0.00003778BNB"
"2024-10-04 00:11:38","DOGEJPY","BUY","15.54","4505DOGE","70007.7JPY","4.505DOGE"
"2024-08-05 04:01:49","BTCJPY","BUY","7792130","0.004422BTC","34456.79886JPY","0.00040386BNB"
"2024-08-05 01:14:37","BTCJPY","BUY","7788987","0.000839BTC","6534.960093JPY","0.0000756BNB"
"2024-06-14 22:00:08","BNBBTC","BUY","0.009117","0.104BNB","0.00094816BTC","0.000078BNB"
"2024-05-30 01:53:15","LINKBTC","BUY","0.0002771","2.11LINK","0.00058468BTC","0.00211LINK"
"2024-05-30 01:53:15","LINKBTC","BUY","0.0002771","4.53LINK","0.00125526BTC","0.00453LINK"
"2024-05-29 14:38:45","LINKBTC","BUY","0.0002807","16.36LINK","0.00459225BTC","0.01636LINK"
"2024-05-29 14:35:36","LINKBTC","BUY","0.0002818","1.86LINK","0.00052414BTC","0.00186LINK"
"2024-05-29 14:35:36","LINKBTC","BUY","0.0002818","29.97LINK","0.00844554BTC","0.02997LINK"
"2024-05-29 14:35:36","LINKBTC","BUY","0.0002818","1.53LINK","0.00043115BTC","0.00153LINK"
"2024-05-29 14:35:36","LINKBTC","BUY","0.0002817","1.86LINK","0.00052396BTC","0.00186LINK"
"2024-05-28 05:09:11","BTCJPY","BUY","10672601","0.000843BTC","8997.002643JPY","0BNB"
"2024-05-25 18:05:13","BTCJPY","BUY","10857124","0.004094BTC","44449.065656JPY","0BNB"
"2024-05-25 18:05:13","BTCJPY","BUY","10856958","0.00051BTC","5537.04858JPY","0BNB"
"2024-05-21 00:47:05","BTCJPY","BUY","11169019","0.004467BTC","49892.007873JPY","0BNB"
"2024-05-21 00:47:05","BTCJPY","BUY","11168949","0.00001BTC","111.68949JPY","0BNB"
"2024-05-17 09:51:09","LINKBTC","BUY","0.0002497","3.81LINK","0.00095135BTC","0.00381LINK"
"2024-05-17 08:53:18","LINKBTC","BUY","0.0002498","37.97LINK","0.0094849BTC","0.03797LINK"
"2024-05-17 08:53:18","LINKBTC","BUY","0.0002498","0.11LINK","0.00002747BTC","0.00011LINK"
"2024-05-03 13:13:34","MATICETH","BUY","0.0002401","38.8MATIC","0.00931588ETH","0.0388MATIC"
"2024-05-03 10:43:52","MATICETH","BUY","0.0002418","91.4MATIC","0.02210052ETH","0.0914MATIC"
"2024-05-03 10:43:52","MATICETH","BUY","0.0002418","268MATIC","0.0648024ETH","0.268MATIC"
"2024-05-03 07:18:19","MATICETH","BUY","0.0002405","494.1MATIC","0.11883105ETH","0.4941MATIC"
"2024-05-01 13:32:42","SHIBDOGE","BUY","0.00017","6247014SHIB","1061.99238DOGE","6247.01SHIB"
"2024-05-01 13:32:42","SHIBDOGE","BUY","0.00017","21494546SHIB","3654.07282DOGE","21494.55SHIB"
"2024-03-15 13:44:15","MATICETH","SELL","0.0003019","6.5MATIC","0.00196235ETH","0.00000196ETH"
"2024-03-15 04:25:47","ETHDAI","SELL","3703.66","0.0548ETH","202.960568DAI","0.20296057DAI"
"2024-03-15 04:25:47","ETHDAI","SELL","3703.66","0.1142ETH","422.957972DAI","0.42295797DAI"
"2024-03-08 08:49:00","ETHDAI","BUY","3952.75","0.1691ETH","668.410025DAI","0.0001691ETH"
"2024-03-05 21:54:50","ETHDAI","SELL","3519.76","0.0713ETH","250.958888DAI","0.25095889DAI"
"2024-03-05 21:54:50","ETHDAI","SELL","3519.76","0.1188ETH","418.147488DAI","0.41814749DAI"
"2024-03-05 10:47:06","ETCETH","SELL","0.01015","0.33ETC","0.0033495ETH","0.00000335ETH"
"2024-03-05 10:47:06","ETCETH","SELL","0.01015","0.84ETC","0.008526ETH","0.00000853ETH"
"2024-03-04 21:45:23","ETHDAI","BUY","3570.2","0.0409ETH","146.02118DAI","0.0000409ETH"
"2024-03-04 21:45:23","ETHDAI","BUY","3570.2","0.0409ETH","146.02118DAI","0.0000409ETH"
"2024-03-04 21:45:23","ETHDAI","BUY","3570.2","0.0526ETH","187.79252DAI","0.0000526ETH"
"2024-03-04 21:45:23","ETHDAI","BUY","3570.2","0.0409ETH","146.02118DAI","0.0000409ETH"
"2024-03-04 21:44:01","ETHDAI","BUY","3573.61","0.0032ETH","11.435552DAI","0.0000032ETH"
